"line","root","cell_type","value"
"ATR10_AT5G14750",1,"cortex",-0.34705
"ATR10_AT5G14750",1,"endodermis",-0.65222
"ATR10_AT5G14750",1,"epidermis",1.50744
"ATR10_AT5G14750",1,"QC",-0.5132
"ATR10_AT5G14750",1,"stele",-0.79317
"ATR10_AT5G14750",1,"columella",-0.59356
"ATR10_AT5G14750",1,"lateralrootcap",1.39175
"ATR10_AT5G14750",2,"cortex",-0.28894
"ATR10_AT5G14750",2,"endodermis",-0.658
"ATR10_AT5G14750",2,"epidermis",1.40711
"ATR10_AT5G14750",2,"QC",-0.45701
"ATR10_AT5G14750",2,"stele",-0.75816
"ATR10_AT5G14750",2,"columella",-0.72589
"ATR10_AT5G14750",2,"lateralrootcap",1.48088
"ATR10_AT5G14750",3,"cortex",-0.27288
"ATR10_AT5G14750",3,"endodermis",-0.62262
"ATR10_AT5G14750",3,"epidermis",1.26948
"ATR10_AT5G14750",3,"QC",-0.30553
"ATR10_AT5G14750",3,"stele",-0.8131
"ATR10_AT5G14750",3,"columella",-0.83071
"ATR10_AT5G14750",3,"lateralrootcap",1.57535
"ATR11_AT5G17960",1,"cortex",-0.58458
"ATR11_AT5G17960",1,"endodermis",-0.70804
"ATR11_AT5G17960",1,"epidermis",-0.10801
"ATR11_AT5G17960",1,"QC",-0.04773
"ATR11_AT5G17960",1,"stele",-0.79473
"ATR11_AT5G17960",1,"columella",0.12262
"ATR11_AT5G17960",1,"lateralrootcap",2.12047
"ATR11_AT5G17960",2,"cortex",-0.58364
"ATR11_AT5G17960",2,"endodermis",-0.65892
"ATR11_AT5G17960",2,"epidermis",-0.16307
"ATR11_AT5G17960",2,"QC",-0.25874
"ATR11_AT5G17960",2,"stele",-0.73976
"ATR11_AT5G17960",2,"columella",0.28161
"ATR11_AT5G17960",2,"lateralrootcap",2.12252
"ATR11_AT5G17960",3,"cortex",-0.55527
"ATR11_AT5G17960",3,"endodermis",-0.64481
"ATR11_AT5G17960",3,"epidermis",-0.27849
"ATR11_AT5G17960",3,"QC",-0.22534
"ATR11_AT5G17960",3,"stele",-0.85134
"ATR11_AT5G17960",3,"columella",0.51669
"ATR11_AT5G17960",3,"lateralrootcap",2.03858
"ATR11_AT5G17960",4,"cortex",-0.5709
"ATR11_AT5G17960",4,"endodermis",-0.67139
"ATR11_AT5G17960",4,"epidermis",-0.12364
"ATR11_AT5G17960",4,"QC",0.02764
"ATR11_AT5G17960",4,"stele",-0.82565
"ATR11_AT5G17960",4,"columella",0.03692
"ATR11_AT5G17960",4,"lateralrootcap",2.12702
"ATR11_AT5G17960",5,"cortex",-0.57945
"ATR11_AT5G17960",5,"endodermis",-0.71153
"ATR11_AT5G17960",5,"epidermis",-0.30793
"ATR11_AT5G17960",5,"QC",0.12231
"ATR11_AT5G17960",5,"stele",-0.81433
"ATR11_AT5G17960",5,"columella",0.20715
"ATR11_AT5G17960",5,"lateralrootcap",2.08378
"ATR14_AT5G43040",1,"cortex",-0.55359
"ATR14_AT5G43040",1,"endodermis",-0.58315
"ATR14_AT5G43040",1,"epidermis",0.01744
"ATR14_AT5G43040",1,"QC",-0.53395
"ATR14_AT5G43040",1,"stele",-0.58751
"ATR14_AT5G43040",1,"columella",0.06863
"ATR14_AT5G43040",1,"lateralrootcap",2.17214
"ATR14_AT5G43040",2,"cortex",-0.599
"ATR14_AT5G43040",2,"endodermis",-0.66249
"ATR14_AT5G43040",2,"epidermis",0.4653
"ATR14_AT5G43040",2,"QC",-0.65044
"ATR14_AT5G43040",2,"stele",-0.67064
"ATR14_AT5G43040",2,"columella",0.09128
"ATR14_AT5G43040",2,"lateralrootcap",2.02599
"ATR14_AT5G43040",3,"cortex",-0.53916
"ATR14_AT5G43040",3,"endodermis",-0.63795
"ATR14_AT5G43040",3,"epidermis",0.19003
"ATR14_AT5G43040",3,"QC",-0.54772
"ATR14_AT5G43040",3,"stele",-0.69295
"ATR14_AT5G43040",3,"columella",0.11274
"ATR14_AT5G43040",3,"lateralrootcap",2.11502
"ATR17_AT1G44830",1,"cortex",0.78782
"ATR17_AT1G44830",1,"endodermis",-0.29414
"ATR17_AT1G44830",1,"epidermis",0.98059
"ATR17_AT1G44830",1,"QC",-1.00814
"ATR17_AT1G44830",1,"stele",-0.98515
"ATR17_AT1G44830",1,"columella",-0.7916
"ATR17_AT1G44830",1,"lateralrootcap",1.31063
"ATR17_AT1G44830",2,"cortex",-0.42325
"ATR17_AT1G44830",2,"endodermis",-0.60515
"ATR17_AT1G44830",2,"epidermis",0.81085
"ATR17_AT1G44830",2,"QC",-0.72363
"ATR17_AT1G44830",2,"stele",-0.76056
"ATR17_AT1G44830",2,"columella",-0.20911
"ATR17_AT1G44830",2,"lateralrootcap",1.91085
"ATR17_AT1G44830",3,"cortex",0.05408
"ATR17_AT1G44830",3,"endodermis",-0.48661
"ATR17_AT1G44830",3,"epidermis",1.97853
"ATR17_AT1G44830",3,"QC",-0.74062
"ATR17_AT1G44830",3,"stele",-0.6012
"ATR17_AT1G44830",3,"columella",-0.77844
"ATR17_AT1G44830",3,"lateralrootcap",0.57426
"ATR17_AT1G44830",4,"cortex",0.16151
"ATR17_AT1G44830",4,"endodermis",-0.3944
"ATR17_AT1G44830",4,"epidermis",2.08951
"ATR17_AT1G44830",4,"QC",-0.69585
"ATR17_AT1G44830",4,"stele",-0.57103
"ATR17_AT1G44830",4,"columella",-0.77868
"ATR17_AT1G44830",4,"lateralrootcap",0.18894
"ATR6_AT2G46410",1,"cortex",-0.34785
"ATR6_AT2G46410",1,"endodermis",-0.50075
"ATR6_AT2G46410",1,"epidermis",2.22762
"ATR6_AT2G46410",1,"QC",-0.37097
"ATR6_AT2G46410",1,"stele",-0.07514
"ATR6_AT2G46410",1,"columella",-0.67567
"ATR6_AT2G46410",1,"lateralrootcap",-0.25724
"ATR6_AT2G46410",2,"cortex",-0.16059
"ATR6_AT2G46410",2,"endodermis",-0.82893
"ATR6_AT2G46410",2,"epidermis",1.966
"ATR6_AT2G46410",2,"QC",0.25043
"ATR6_AT2G46410",2,"stele",0.25813
"ATR6_AT2G46410",2,"columella",-1.05066
"ATR6_AT2G46410",2,"lateralrootcap",-0.43438
"ATR6_AT2G46410",3,"cortex",-0.05563
"ATR6_AT2G46410",3,"endodermis",-0.58388
"ATR6_AT2G46410",3,"epidermis",2.19209
"ATR6_AT2G46410",3,"QC",-0.25215
"ATR6_AT2G46410",3,"stele",-0.14228
"ATR6_AT2G46410",3,"columella",-0.79848
"ATR6_AT2G46410",3,"lateralrootcap",-0.35965
"ATR6_AT2G46410",4,"cortex",0.05769
"ATR6_AT2G46410",4,"endodermis",-0.5632
"ATR6_AT2G46410",4,"epidermis",2.14002
"ATR6_AT2G46410",4,"QC",-0.10469
"ATR6_AT2G46410",4,"stele",-0.09193
"ATR6_AT2G46410",4,"columella",-0.87163
"ATR6_AT2G46410",4,"lateralrootcap",-0.56626
"ATR6_AT2G46410",5,"cortex",-0.37265
"ATR6_AT2G46410",5,"endodermis",-0.52519
"ATR6_AT2G46410",5,"epidermis",2.02379
"ATR6_AT2G46410",5,"QC",-0.33111
"ATR6_AT2G46410",5,"stele",0.47526
"ATR6_AT2G46410",5,"columella",-1.05187
"ATR6_AT2G46410",5,"lateralrootcap",-0.21823
"ATR8_AT3G48100",1,"cortex",-0.84356
"ATR8_AT3G48100",1,"endodermis",-0.812
"ATR8_AT3G48100",1,"epidermis",-0.77777
"ATR8_AT3G48100",1,"QC",-0.47312
"ATR8_AT3G48100",1,"stele",0.16787
"ATR8_AT3G48100",1,"columella",1.47474
"ATR8_AT3G48100",1,"lateralrootcap",1.26383
"ATR8_AT3G48100",2,"cortex",-0.66083
"ATR8_AT3G48100",2,"endodermis",-0.67089
"ATR8_AT3G48100",2,"epidermis",-0.63749
"ATR8_AT3G48100",2,"QC",-0.48373
"ATR8_AT3G48100",2,"stele",-0.43898
"ATR8_AT3G48100",2,"columella",1.6679
"ATR8_AT3G48100",2,"lateralrootcap",1.22402
"ATR8_AT3G48100",3,"cortex",-0.87951
"ATR8_AT3G48100",3,"endodermis",-0.91661
"ATR8_AT3G48100",3,"epidermis",-0.86391
"ATR8_AT3G48100",3,"QC",-0.27242
"ATR8_AT3G48100",3,"stele",0.49285
"ATR8_AT3G48100",3,"columella",0.80325
"ATR8_AT3G48100",3,"lateralrootcap",1.63635
"ATR8_AT3G48100",4,"cortex",-1.03806
"ATR8_AT3G48100",4,"endodermis",-1.05942
"ATR8_AT3G48100",4,"epidermis",-0.99954
"ATR8_AT3G48100",4,"QC",1.31926
"ATR8_AT3G48100",4,"stele",0.52435
"ATR8_AT3G48100",4,"columella",0.62138
"ATR8_AT3G48100",4,"lateralrootcap",0.63202
"ATR8_AT3G48100",5,"cortex",-0.85661
"ATR8_AT3G48100",5,"endodermis",-0.91275
"ATR8_AT3G48100",5,"epidermis",-0.79441
"ATR8_AT3G48100",5,"QC",-0.28367
"ATR8_AT3G48100",5,"stele",0.19065
"ATR8_AT3G48100",5,"columella",1.60765
"ATR8_AT3G48100",5,"lateralrootcap",1.04913
"ATR9_AT4G16190",1,"cortex",-0.40885
"ATR9_AT4G16190",1,"endodermis",-0.94121
"ATR9_AT4G16190",1,"epidermis",0.39383
"ATR9_AT4G16190",1,"QC",1.42621
"ATR9_AT4G16190",1,"stele",-1.45832
"ATR9_AT4G16190",1,"columella",0.22706
"ATR9_AT4G16190",1,"lateralrootcap",0.76129
"ATR9_AT4G16190",2,"cortex",-0.32905
"ATR9_AT4G16190",2,"endodermis",-0.53819
"ATR9_AT4G16190",2,"epidermis",-0.04144
"ATR9_AT4G16190",2,"QC",1.93738
"ATR9_AT4G16190",2,"stele",-1.11242
"ATR9_AT4G16190",2,"columella",-0.50856
"ATR9_AT4G16190",2,"lateralrootcap",0.59228
"ATR9_AT4G16190",3,"cortex",0.03259
"ATR9_AT4G16190",3,"endodermis",-0.22063
"ATR9_AT4G16190",3,"epidermis",0.40914
"ATR9_AT4G16190",3,"QC",1.84755
"ATR9_AT4G16190",3,"stele",-1.41814
"ATR9_AT4G16190",3,"columella",-0.59613
"ATR9_AT4G16190",3,"lateralrootcap",-0.05438
"ATR9_AT4G16190",4,"cortex",-0.59093
"ATR9_AT4G16190",4,"endodermis",-0.78052
"ATR9_AT4G16190",4,"epidermis",-0.40939
"ATR9_AT4G16190",4,"QC",1.79992
"ATR9_AT4G16190",4,"stele",-1.0499
"ATR9_AT4G16190",4,"columella",0.49627
"ATR9_AT4G16190",4,"lateralrootcap",0.53454
"ATR9_AT4G16190",5,"cortex",-0.74114
"ATR9_AT4G16190",5,"endodermis",-0.77987
"ATR9_AT4G16190",5,"epidermis",-0.52133
"ATR9_AT4G16190",5,"QC",1.26421
"ATR9_AT4G16190",5,"stele",-1.09769
"ATR9_AT4G16190",5,"columella",1.00203
"ATR9_AT4G16190",5,"lateralrootcap",0.87379
"C1_AT1G09750",1,"cortex",-0.60019
"C1_AT1G09750",1,"endodermis",-0.692
"C1_AT1G09750",1,"epidermis",-0.20686
"C1_AT1G09750",1,"QC",-0.38164
"C1_AT1G09750",1,"stele",-0.75144
"C1_AT1G09750",1,"columella",0.62911
"C1_AT1G09750",1,"lateralrootcap",2.00301
"C1_AT1G09750",2,"cortex",-0.5226
"C1_AT1G09750",2,"endodermis",-0.59473
"C1_AT1G09750",2,"epidermis",-0.06928
"C1_AT1G09750",2,"QC",-0.43834
"C1_AT1G09750",2,"stele",-0.62852
"C1_AT1G09750",2,"columella",0.06793
"C1_AT1G09750",2,"lateralrootcap",2.18554
"C1_AT1G09750",3,"cortex",-0.01775
"C1_AT1G09750",3,"endodermis",1.44331
"C1_AT1G09750",3,"epidermis",-0.61616
"C1_AT1G09750",3,"QC",1.12474
"C1_AT1G09750",3,"stele",-1.16598
"C1_AT1G09750",3,"columella",-0.93965
"C1_AT1G09750",3,"lateralrootcap",0.17149
"C1_AT1G09750",4,"cortex",1.87718
"C1_AT1G09750",4,"endodermis",-0.05497
"C1_AT1G09750",4,"epidermis",-0.4412
"C1_AT1G09750",4,"QC",0.47178
"C1_AT1G09750",4,"stele",-1.10459
"C1_AT1G09750",4,"columella",-0.90131
"C1_AT1G09750",4,"lateralrootcap",0.1531
"E14_AT3G61630",1,"cortex",-0.38094
"E14_AT3G61630",1,"endodermis",0.73667
"E14_AT3G61630",1,"epidermis",-0.73252
"E14_AT3G61630",1,"QC",1.95328
"E14_AT3G61630",1,"stele",-0.23319
"E14_AT3G61630",1,"columella",-0.62861
"E14_AT3G61630",1,"lateralrootcap",-0.71469
"E14_AT3G61630",2,"cortex",-0.41529
"E14_AT3G61630",2,"endodermis",0.74837
"E14_AT3G61630",2,"epidermis",-0.65609
"E14_AT3G61630",2,"QC",1.97215
"E14_AT3G61630",2,"stele",-0.38814
"E14_AT3G61630",2,"columella",-0.59945
"E14_AT3G61630",2,"lateralrootcap",-0.66155
"E14_AT3G61630",3,"cortex",-0.35854
"E14_AT3G61630",3,"endodermis",1.32696
"E14_AT3G61630",3,"epidermis",-0.77034
"E14_AT3G61630",3,"QC",1.51318
"E14_AT3G61630",3,"stele",-0.16248
"E14_AT3G61630",3,"columella",-0.745
"E14_AT3G61630",3,"lateralrootcap",-0.80377
"E19_AT1G74080",1,"cortex",-0.17868
"E19_AT1G74080",1,"endodermis",-0.25415
"E19_AT1G74080",1,"epidermis",0.11264
"E19_AT1G74080",1,"QC",1.94277
"E19_AT1G74080",1,"stele",-0.98275
"E19_AT1G74080",1,"columella",-1.00765
"E19_AT1G74080",1,"lateralrootcap",0.36783
"E19_AT1G74080",2,"cortex",-0.44663
"E19_AT1G74080",2,"endodermis",-0.72965
"E19_AT1G74080",2,"epidermis",-0.4058
"E19_AT1G74080",2,"QC",2.11681
"E19_AT1G74080",2,"stele",-0.7475
"E19_AT1G74080",2,"columella",-0.03713
"E19_AT1G74080",2,"lateralrootcap",0.2499
"E19_AT1G74080",3,"cortex",0.41496
"E19_AT1G74080",3,"endodermis",-0.01216
"E19_AT1G74080",3,"epidermis",-0.33397
"E19_AT1G74080",3,"QC",1.96787
"E19_AT1G74080",3,"stele",-1.13091
"E19_AT1G74080",3,"columella",-0.73078
"E19_AT1G74080",3,"lateralrootcap",-0.17502
"E19_AT1G74080",4,"cortex",-0.46201
"E19_AT1G74080",4,"endodermis",-0.62217
"E19_AT1G74080",4,"epidermis",-0.35835
"E19_AT1G74080",4,"QC",2.09919
"E19_AT1G74080",4,"stele",-0.8818
"E19_AT1G74080",4,"columella",-0.06286
"E19_AT1G74080",4,"lateralrootcap",0.288
"E28_AT4g00940",1,"cortex",-0.46825
"E28_AT4g00940",1,"endodermis",-0.52196
"E28_AT4g00940",1,"epidermis",-0.43684
"E28_AT4g00940",1,"QC",1.14834
"E28_AT4g00940",1,"stele",-1.32835
"E28_AT4g00940",1,"columella",1.49016
"E28_AT4g00940",1,"lateralrootcap",0.1169
"E28_AT4g00940",2,"cortex",-0.3859
"E28_AT4g00940",2,"endodermis",-0.56204
"E28_AT4g00940",2,"epidermis",-0.33152
"E28_AT4g00940",2,"QC",1.06711
"E28_AT4g00940",2,"stele",-1.61185
"E28_AT4g00940",2,"columella",1.02313
"E28_AT4g00940",2,"lateralrootcap",0.80107
"E28_AT4g00940",3,"cortex",-0.48617
"E28_AT4g00940",3,"endodermis",-0.78081
"E28_AT4g00940",3,"epidermis",-0.24373
"E28_AT4g00940",3,"QC",1.10057
"E28_AT4g00940",3,"stele",-1.39262
"E28_AT4g00940",3,"columella",1.30073
"E28_AT4g00940",3,"lateralrootcap",0.50204
"E49_At3g05150",2,"cortex",-0.02294
"E49_At3g05150",2,"endodermis",-0.841
"E49_At3g05150",2,"epidermis",0.04501
"E49_At3g05150",2,"QC",0.72389
"E49_At3g05150",2,"stele",-1.31467
"E49_At3g05150",2,"columella",-0.30611
"E49_At3g05150",2,"lateralrootcap",1.71583
"E49_At3g05150",3,"cortex",-0.66601
"E49_At3g05150",3,"endodermis",-0.89334
"E49_At3g05150",3,"epidermis",-0.41211
"E49_At3g05150",3,"QC",1.23369
"E49_At3g05150",3,"stele",-1.13791
"E49_At3g05150",3,"columella",0.85833
"E49_At3g05150",3,"lateralrootcap",1.01735
"E49_At3g05150",4,"cortex",-0.21229
"E49_At3g05150",4,"endodermis",-0.59828
"E49_At3g05150",4,"epidermis",0.29274
"E49_At3g05150",4,"QC",0.78472
"E49_At3g05150",4,"stele",-1.35585
"E49_At3g05150",4,"columella",-0.56555
"E49_At3g05150",4,"lateralrootcap",1.65449
"E5_AT1G80590",1,"cortex",0.07635
"E5_AT1G80590",1,"endodermis",-0.01053
"E5_AT1G80590",1,"epidermis",-0.20141
"E5_AT1G80590",1,"QC",2.05366
"E5_AT1G80590",1,"stele",-0.9357
"E5_AT1G80590",1,"columella",-0.92589
"E5_AT1G80590",1,"lateralrootcap",-0.05649
"E5_AT1G80590",2,"cortex",-0.30434
"E5_AT1G80590",2,"endodermis",-0.69687
"E5_AT1G80590",2,"epidermis",0.00925
"E5_AT1G80590",2,"QC",1.87123
"E5_AT1G80590",2,"stele",-1.25372
"E5_AT1G80590",2,"columella",-0.18576
"E5_AT1G80590",2,"lateralrootcap",0.56022
"E5_AT1G80590",3,"cortex",-0.31962
"E5_AT1G80590",3,"endodermis",-0.55194
"E5_AT1G80590",3,"epidermis",-0.5207
"E5_AT1G80590",3,"QC",1.82486
"E5_AT1G80590",3,"stele",-1.27735
"E5_AT1G80590",3,"columella",0.46446
"E5_AT1G80590",3,"lateralrootcap",0.38029
"E7_AT5G38140",1,"cortex",-0.00564
"E7_AT5G38140",1,"endodermis",-0.56684
"E7_AT5G38140",1,"epidermis",-0.02813
"E7_AT5G38140",1,"QC",1.60049
"E7_AT5G38140",1,"stele",-1.6124
"E7_AT5G38140",1,"columella",-0.09925
"E7_AT5G38140",1,"lateralrootcap",0.71177
"E7_AT5G38140",2,"cortex",-0.36455
"E7_AT5G38140",2,"endodermis",-0.825
"E7_AT5G38140",2,"epidermis",-0.27055
"E7_AT5G38140",2,"QC",1.69911
"E7_AT5G38140",2,"stele",-1.29259
"E7_AT5G38140",2,"columella",0.5431
"E7_AT5G38140",2,"lateralrootcap",0.51047
"E7_AT5G38140",3,"cortex",-0.38712
"E7_AT5G38140",3,"endodermis",-0.56071
"E7_AT5G38140",3,"epidermis",-0.48703
"E7_AT5G38140",3,"QC",2.10471
"E7_AT5G38140",3,"stele",-0.88866
"E7_AT5G38140",3,"columella",0.27538
"E7_AT5G38140",3,"lateralrootcap",-0.05658
"LRC1_AT1g08930",1,"cortex",-0.0539
"LRC1_AT1g08930",1,"endodermis",-0.66315
"LRC1_AT1g08930",1,"epidermis",0.58066
"LRC1_AT1g08930",1,"QC",-0.31106
"LRC1_AT1g08930",1,"stele",-1.40647
"LRC1_AT1g08930",1,"columella",0.08235
"LRC1_AT1g08930",1,"lateralrootcap",1.77157
"LRC1_AT1g08930",2,"cortex",-0.52582
"LRC1_AT1g08930",2,"endodermis",-0.99243
"LRC1_AT1g08930",2,"epidermis",0.21929
"LRC1_AT1g08930",2,"QC",0.5897
"LRC1_AT1g08930",2,"stele",-1.23186
"LRC1_AT1g08930",2,"columella",0.28452
"LRC1_AT1g08930",2,"lateralrootcap",1.6566
"LRC1_AT1g08930",3,"cortex",-0.09874
"LRC1_AT1g08930",3,"endodermis",-0.77533
"LRC1_AT1g08930",3,"epidermis",0.83116
"LRC1_AT1g08930",3,"QC",-0.15923
"LRC1_AT1g08930",3,"stele",-1.19962
"LRC1_AT1g08930",3,"columella",-0.36012
"LRC1_AT1g08930",3,"lateralrootcap",1.76187
"LRC1_AT1g08930",4,"cortex",-0.10217
"LRC1_AT1g08930",4,"endodermis",-0.77822
"LRC1_AT1g08930",4,"epidermis",0.3641
"LRC1_AT1g08930",4,"QC",0.18463
"LRC1_AT1g08930",4,"stele",-1.33739
"LRC1_AT1g08930",4,"columella",-0.17438
"LRC1_AT1g08930",4,"lateralrootcap",1.84344
"LRC1_AT1g08930",5,"cortex",0.02634
"LRC1_AT1g08930",5,"endodermis",-0.69295
"LRC1_AT1g08930",5,"epidermis",0.56418
"LRC1_AT1g08930",5,"QC",0.1785
"LRC1_AT1g08930",5,"stele",-1.49463
"LRC1_AT1g08930",5,"columella",-0.27279
"LRC1_AT1g08930",5,"lateralrootcap",1.69134
"LRC3_AT1g30650",1,"cortex",-0.34837
"LRC3_AT1g30650",1,"endodermis",-0.57293
"LRC3_AT1g30650",1,"epidermis",-0.64718
"LRC3_AT1g30650",1,"QC",0.07938
"LRC3_AT1g30650",1,"stele",-1.03848
"LRC3_AT1g30650",1,"columella",1.91665
"LRC3_AT1g30650",1,"lateralrootcap",0.61093
"LRC3_AT1g30650",2,"cortex",-0.42816
"LRC3_AT1g30650",2,"endodermis",-0.71358
"LRC3_AT1g30650",2,"epidermis",-0.41534
"LRC3_AT1g30650",2,"QC",0.99691
"LRC3_AT1g30650",2,"stele",-1.43969
"LRC3_AT1g30650",2,"columella",1.1853
"LRC3_AT1g30650",2,"lateralrootcap",0.81457
"LRC3_AT1g30650",3,"cortex",-0.51448
"LRC3_AT1g30650",3,"endodermis",-0.83533
"LRC3_AT1g30650",3,"epidermis",-0.45676
"LRC3_AT1g30650",3,"QC",1.06993
"LRC3_AT1g30650",3,"stele",-1.28136
"LRC3_AT1g30650",3,"columella",1.06446
"LRC3_AT1g30650",3,"lateralrootcap",0.95353
"LRC3_AT1g30650",4,"cortex",-0.36934
"LRC3_AT1g30650",4,"endodermis",-0.76917
"LRC3_AT1g30650",4,"epidermis",-0.54229
"LRC3_AT1g30650",4,"QC",0.96686
"LRC3_AT1g30650",4,"stele",-1.36882
"LRC3_AT1g30650",4,"columella",1.05682
"LRC3_AT1g30650",4,"lateralrootcap",1.02594
"Q12_AT5G17800",1,"cortex",-0.41556
"Q12_AT5G17800",1,"endodermis",-0.40575
"Q12_AT5G17800",1,"epidermis",-0.43016
"Q12_AT5G17800",1,"QC",2.26332
"Q12_AT5G17800",1,"stele",-0.27575
"Q12_AT5G17800",1,"columella",-0.30458
"Q12_AT5G17800",1,"lateralrootcap",-0.43153
"Q12_AT5G17800",2,"cortex",-0.38898
"Q12_AT5G17800",2,"endodermis",-0.4164
"Q12_AT5G17800",2,"epidermis",-0.40506
"Q12_AT5G17800",2,"QC",2.26554
"Q12_AT5G17800",2,"stele",-0.34482
"Q12_AT5G17800",2,"columella",-0.29426
"Q12_AT5G17800",2,"lateralrootcap",-0.41603
"Q12_AT5G17800",3,"cortex",-0.39013
"Q12_AT5G17800",3,"endodermis",-0.40154
"Q12_AT5G17800",3,"epidermis",-0.40513
"Q12_AT5G17800",3,"QC",2.26632
"Q12_AT5G17800",3,"stele",-0.33639
"Q12_AT5G17800",3,"columella",-0.31998
"Q12_AT5G17800",3,"lateralrootcap",-0.41314
"Q12_AT5G17800",4,"cortex",-0.41471
"Q12_AT5G17800",4,"endodermis",-0.42028
"Q12_AT5G17800",4,"epidermis",-0.43028
"Q12_AT5G17800",4,"QC",2.26204
"Q12_AT5G17800",4,"stele",-0.22452
"Q12_AT5G17800",4,"columella",-0.36561
"Q12_AT5G17800",4,"lateralrootcap",-0.40664
"Q12_AT5G17800",5,"cortex",-0.39569
"Q12_AT5G17800",5,"endodermis",-0.39538
"Q12_AT5G17800",5,"epidermis",-0.4293
"Q12_AT5G17800",5,"QC",2.26374
"Q12_AT5G17800",5,"stele",-0.26752
"Q12_AT5G17800",5,"columella",-0.3344
"Q12_AT5G17800",5,"lateralrootcap",-0.44145
"Q3_AT1G68640",1,"cortex",-0.42047
"Q3_AT1G68640",1,"endodermis",-0.81776
"Q3_AT1G68640",1,"epidermis",-0.34837
"Q3_AT1G68640",1,"QC",2.13248
"Q3_AT1G68640",1,"stele",-0.65801
"Q3_AT1G68640",1,"columella",-0.09622
"Q3_AT1G68640",1,"lateralrootcap",0.20835
"Q3_AT1G68640",2,"cortex",-0.50466
"Q3_AT1G68640",2,"endodermis",-0.58303
"Q3_AT1G68640",2,"epidermis",-0.41033
"Q3_AT1G68640",2,"QC",1.68584
"Q3_AT1G68640",2,"stele",-1.28009
"Q3_AT1G68640",2,"columella",0.82879
"Q3_AT1G68640",2,"lateralrootcap",0.26348
"Q3_AT1G68640",3,"cortex",-0.15473
"Q3_AT1G68640",3,"endodermis",-0.72367
"Q3_AT1G68640",3,"epidermis",-0.52457
"Q3_AT1G68640",3,"QC",1.81655
"Q3_AT1G68640",3,"stele",-1.15655
"Q3_AT1G68640",3,"columella",0.7346
"Q3_AT1G68640",3,"lateralrootcap",0.00837
"Q3_AT1G68640",4,"cortex",-0.05517
"Q3_AT1G68640",4,"endodermis",-0.9125
"Q3_AT1G68640",4,"epidermis",-0.40482
"Q3_AT1G68640",4,"QC",1.79731
"Q3_AT1G68640",4,"stele",-1.20553
"Q3_AT1G68640",4,"columella",0.46793
"Q3_AT1G68640",4,"lateralrootcap",0.31278
"Q4_At1g69490",1,"cortex",-0.41152
"Q4_At1g69490",1,"endodermis",-0.31304
"Q4_At1g69490",1,"epidermis",-0.54069
"Q4_At1g69490",1,"QC",2.2405
"Q4_At1g69490",1,"stele",-0.06253
"Q4_At1g69490",1,"columella",-0.45372
"Q4_At1g69490",1,"lateralrootcap",-0.45901
"Q4_At1g69490",2,"cortex",-0.48086
"Q4_At1g69490",2,"endodermis",-0.04641
"Q4_At1g69490",2,"epidermis",-0.58327
"Q4_At1g69490",2,"QC",2.14679
"Q4_At1g69490",2,"stele",0.20507
"Q4_At1g69490",2,"columella",-0.67184
"Q4_At1g69490",2,"lateralrootcap",-0.56948
"Q4_At1g69490",3,"cortex",-0.54114
"Q4_At1g69490",3,"endodermis",-0.63272
"Q4_At1g69490",3,"epidermis",-0.5401
"Q4_At1g69490",3,"QC",2.10431
"Q4_At1g69490",3,"stele",-0.66678
"Q4_At1g69490",3,"columella",-0.09002
"Q4_At1g69490",3,"lateralrootcap",0.36645
"Q4_At1g69490",4,"cortex",-0.55062
"Q4_At1g69490",4,"endodermis",-0.66338
"Q4_At1g69490",4,"epidermis",-0.46096
"Q4_At1g69490",4,"QC",1.97799
"Q4_At1g69490",4,"stele",-0.77208
"Q4_At1g69490",4,"columella",-0.22683
"Q4_At1g69490",4,"lateralrootcap",0.69588
"Q6_AT3G20880",1,"cortex",-0.46798
"Q6_AT3G20880",1,"endodermis",-0.46787
"Q6_AT3G20880",1,"epidermis",-0.44338
"Q6_AT3G20880",1,"QC",2.22746
"Q6_AT3G20880",1,"stele",-0.43742
"Q6_AT3G20880",1,"columella",0.04781
"Q6_AT3G20880",1,"lateralrootcap",-0.45862
"Q6_AT3G20880",2,"cortex",-0.55624
"Q6_AT3G20880",2,"endodermis",-0.60089
"Q6_AT3G20880",2,"epidermis",-0.59781
"Q6_AT3G20880",2,"QC",2.03108
"Q6_AT3G20880",2,"stele",-0.63663
"Q6_AT3G20880",2,"columella",0.61418
"Q6_AT3G20880",2,"lateralrootcap",-0.2537
"Q6_AT3G20880",3,"cortex",-0.53268
"Q6_AT3G20880",3,"endodermis",-0.5315
"Q6_AT3G20880",3,"epidermis",-0.525
"Q6_AT3G20880",3,"QC",2.14373
"Q6_AT3G20880",3,"stele",-0.62743
"Q6_AT3G20880",3,"columella",0.32475
"Q6_AT3G20880",3,"lateralrootcap",-0.25187
"Q6_AT3G20880",4,"cortex",-0.56144
"Q6_AT3G20880",4,"endodermis",-0.65293
"Q6_AT3G20880",4,"epidermis",-0.63465
"Q6_AT3G20880",4,"QC",2.01617
"Q6_AT3G20880",4,"stele",-0.6381
"Q6_AT3G20880",4,"columella",0.60471
"Q6_AT3G20880",4,"lateralrootcap",-0.13376
"Q6_AT3G20880",5,"cortex",-0.59148
"Q6_AT3G20880",5,"endodermis",-0.58819
"Q6_AT3G20880",5,"epidermis",-0.60539
"Q6_AT3G20880",5,"QC",2.06538
"Q6_AT3G20880",5,"stele",-0.66047
"Q6_AT3G20880",5,"columella",0.47591
"Q6_AT3G20880",5,"lateralrootcap",-0.09576
"Q8_AT4G01460",1,"cortex",-0.19374
"Q8_AT4G01460",1,"endodermis",-0.80546
"Q8_AT4G01460",1,"epidermis",0.5485
"Q8_AT4G01460",1,"QC",1.16325
"Q8_AT4G01460",1,"stele",-1.56872
"Q8_AT4G01460",1,"columella",-0.21702
"Q8_AT4G01460",1,"lateralrootcap",1.07319
"Q8_AT4G01460",2,"cortex",1.24816
"Q8_AT4G01460",2,"endodermis",-0.61143
"Q8_AT4G01460",2,"epidermis",-0.16056
"Q8_AT4G01460",2,"QC",1.16691
"Q8_AT4G01460",2,"stele",-1.55324
"Q8_AT4G01460",2,"columella",-0.40839
"Q8_AT4G01460",2,"lateralrootcap",0.31855
"Q8_AT4G01460",3,"cortex",1.46444
"Q8_AT4G01460",3,"endodermis",-0.11216
"Q8_AT4G01460",3,"epidermis",-0.49017
"Q8_AT4G01460",3,"QC",0.88934
"Q8_AT4G01460",3,"stele",-1.65853
"Q8_AT4G01460",3,"columella",-0.21468
"Q8_AT4G01460",3,"lateralrootcap",0.12175
"Q9_AT5G20240",1,"cortex",-0.48059
"Q9_AT5G20240",1,"endodermis",-0.27118
"Q9_AT5G20240",1,"epidermis",-0.45846
"Q9_AT5G20240",1,"QC",2.22648
"Q9_AT5G20240",1,"stele",-0.6686
"Q9_AT5G20240",1,"columella",-0.27545
"Q9_AT5G20240",1,"lateralrootcap",-0.0722
"Q9_AT5G20240",2,"cortex",-0.50537
"Q9_AT5G20240",2,"endodermis",-0.4962
"Q9_AT5G20240",2,"epidermis",-0.4526
"Q9_AT5G20240",2,"QC",2.20881
"Q9_AT5G20240",2,"stele",-0.63711
"Q9_AT5G20240",2,"columella",-0.08933
"Q9_AT5G20240",2,"lateralrootcap",-0.02819
"Q9_AT5G20240",3,"cortex",-0.35685
"Q9_AT5G20240",3,"endodermis",-0.16875
"Q9_AT5G20240",3,"epidermis",-0.4927
"Q9_AT5G20240",3,"QC",2.23541
"Q9_AT5G20240",3,"stele",-0.63925
"Q9_AT5G20240",3,"columella",-0.40886
"Q9_AT5G20240",3,"lateralrootcap",-0.169
"Q9_AT5G20240",4,"cortex",-0.47519
"Q9_AT5G20240",4,"endodermis",-0.35624
"Q9_AT5G20240",4,"epidermis",-0.53179
"Q9_AT5G20240",4,"QC",2.23107
"Q9_AT5G20240",4,"stele",-0.56627
"Q9_AT5G20240",4,"columella",-0.2525
"Q9_AT5G20240",4,"lateralrootcap",-0.04907
"S04_AT3G25710",1,"cortex",-0.88285
"S04_AT3G25710",1,"endodermis",-1.17654
"S04_AT3G25710",1,"epidermis",-0.87558
"S04_AT3G25710",1,"QC",1.21226
"S04_AT3G25710",1,"stele",1.20102
"S04_AT3G25710",1,"columella",0.15695
"S04_AT3G25710",1,"lateralrootcap",0.36475
"S04_AT3G25710",2,"cortex",-0.25334
"S04_AT3G25710",2,"endodermis",-0.69399
"S04_AT3G25710",2,"epidermis",-0.38003
"S04_AT3G25710",2,"QC",0.27218
"S04_AT3G25710",2,"stele",2.02553
"S04_AT3G25710",2,"columella",-1.06056
"S04_AT3G25710",2,"lateralrootcap",0.09021
"S04_AT3G25710",3,"cortex",-0.68641
"S04_AT3G25710",3,"endodermis",-0.76876
"S04_AT3G25710",3,"epidermis",-0.63611
"S04_AT3G25710",3,"QC",0.52094
"S04_AT3G25710",3,"stele",2.03383
"S04_AT3G25710",3,"columella",-0.32655
"S04_AT3G25710",3,"lateralrootcap",-0.13694
"S04_AT3G25710",4,"cortex",-0.39057
"S04_AT3G25710",4,"endodermis",-0.42305
"S04_AT3G25710",4,"epidermis",-0.31492
"S04_AT3G25710",4,"QC",-0.10209
"S04_AT3G25710",4,"stele",2.21858
"S04_AT3G25710",4,"columella",-0.76671
"S04_AT3G25710",4,"lateralrootcap",-0.22123
"S04_AT3G25710",5,"cortex",-0.53444
"S04_AT3G25710",5,"endodermis",-0.63456
"S04_AT3G25710",5,"epidermis",-0.54875
"S04_AT3G25710",5,"QC",0.24435
"S04_AT3G25710",5,"stele",2.16198
"S04_AT3G25710",5,"columella",-0.48511
"S04_AT3G25710",5,"lateralrootcap",-0.20346
"S06_AT4G32880",1,"cortex",-0.77245
"S06_AT4G32880",1,"endodermis",-0.84783
"S06_AT4G32880",1,"epidermis",-0.60094
"S06_AT4G32880",1,"QC",2.06732
"S06_AT4G32880",1,"stele",0.06996
"S06_AT4G32880",1,"columella",0.18541
"S06_AT4G32880",1,"lateralrootcap",-0.10148
"S06_AT4G32880",2,"cortex",-0.47582
"S06_AT4G32880",2,"endodermis",-0.64777
"S06_AT4G32880",2,"epidermis",-0.59162
"S06_AT4G32880",2,"QC",2.19441
"S06_AT4G32880",2,"stele",-0.07112
"S06_AT4G32880",2,"columella",0.01982
"S06_AT4G32880",2,"lateralrootcap",-0.4279
"S06_AT4G32880",3,"cortex",-0.59863
"S06_AT4G32880",3,"endodermis",-0.71093
"S06_AT4G32880",3,"epidermis",-0.63103
"S06_AT4G32880",3,"QC",2.12273
"S06_AT4G32880",3,"stele",0.10409
"S06_AT4G32880",3,"columella",0.15707
"S06_AT4G32880",3,"lateralrootcap",-0.44329
"S06_AT4G32880",4,"cortex",-0.55007
"S06_AT4G32880",4,"endodermis",-0.80872
"S06_AT4G32880",4,"epidermis",-0.5651
"S06_AT4G32880",4,"QC",2.14585
"S06_AT4G32880",4,"stele",-0.25284
"S06_AT4G32880",4,"columella",0.18125
"S06_AT4G32880",4,"lateralrootcap",-0.15038
"S06_AT4G32880",5,"cortex",-0.47323
"S06_AT4G32880",5,"endodermis",-0.63903
"S06_AT4G32880",5,"epidermis",-0.60264
"S06_AT4G32880",5,"QC",2.09323
"S06_AT4G32880",5,"stele",-0.45194
"S06_AT4G32880",5,"columella",0.49284
"S06_AT4G32880",5,"lateralrootcap",-0.41924
"S07_AT5G60690",1,"cortex",-0.71816
"S07_AT5G60690",1,"endodermis",-0.53893
"S07_AT5G60690",1,"epidermis",-0.67386
"S07_AT5G60690",1,"QC",2.16556
"S07_AT5G60690",1,"stele",0.03369
"S07_AT5G60690",1,"columella",-0.21455
"S07_AT5G60690",1,"lateralrootcap",-0.05375
"S07_AT5G60690",2,"cortex",-0.55313
"S07_AT5G60690",2,"endodermis",-0.03433
"S07_AT5G60690",2,"epidermis",-0.54953
"S07_AT5G60690",2,"QC",1.28576
"S07_AT5G60690",2,"stele",1.5086
"S07_AT5G60690",2,"columella",-1.03889
"S07_AT5G60690",2,"lateralrootcap",-0.61849
"S07_AT5G60690",3,"cortex",-1.09836
"S07_AT5G60690",3,"endodermis",-1.25133
"S07_AT5G60690",3,"epidermis",0.34321
"S07_AT5G60690",3,"QC",1.41567
"S07_AT5G60690",3,"stele",0.70126
"S07_AT5G60690",3,"columella",-0.60659
"S07_AT5G60690",3,"lateralrootcap",0.49614
"S07_AT5G60690",4,"cortex",-0.76387
"S07_AT5G60690",4,"endodermis",-0.88569
"S07_AT5G60690",4,"epidermis",-0.64428
"S07_AT5G60690",4,"QC",1.75154
"S07_AT5G60690",4,"stele",-0.58205
"S07_AT5G60690",4,"columella",0.86069
"S07_AT5G60690",4,"lateralrootcap",0.26366
"S07_AT5G60690",5,"cortex",0.29107
"S07_AT5G60690",5,"endodermis",-0.6468
"S07_AT5G60690",5,"epidermis",0.5406
"S07_AT5G60690",5,"QC",1.59173
"S07_AT5G60690",5,"stele",-1.33865
"S07_AT5G60690",5,"columella",-0.84475
"S07_AT5G60690",5,"lateralrootcap",0.40679
"S09_AT1G52150",1,"cortex",-0.44158
"S09_AT1G52150",1,"endodermis",-0.75576
"S09_AT1G52150",1,"epidermis",-0.35707
"S09_AT1G52150",1,"QC",1.62123
"S09_AT1G52150",1,"stele",0.74186
"S09_AT1G52150",1,"columella",-1.29893
"S09_AT1G52150",1,"lateralrootcap",0.49026
"S09_AT1G52150",2,"cortex",-0.62814
"S09_AT1G52150",2,"endodermis",-0.923
"S09_AT1G52150",2,"epidermis",-0.51312
"S09_AT1G52150",2,"QC",1.77481
"S09_AT1G52150",2,"stele",-0.65838
"S09_AT1G52150",2,"columella",-0.00441
"S09_AT1G52150",2,"lateralrootcap",0.95224
"S09_AT1G52150",3,"cortex",-0.80869
"S09_AT1G52150",3,"endodermis",-0.96837
"S09_AT1G52150",3,"epidermis",-0.77655
"S09_AT1G52150",3,"QC",1.38783
"S09_AT1G52150",3,"stele",-0.52903
"S09_AT1G52150",3,"columella",1.13299
"S09_AT1G52150",3,"lateralrootcap",0.56182
"S09_AT1G52150",4,"cortex",-0.58915
"S09_AT1G52150",4,"endodermis",-0.93888
"S09_AT1G52150",4,"epidermis",-0.68844
"S09_AT1G52150",4,"QC",1.78093
"S09_AT1G52150",4,"stele",0.28163
"S09_AT1G52150",4,"columella",-0.64227
"S09_AT1G52150",4,"lateralrootcap",0.79618
"S09_AT1G52150",5,"cortex",-0.18215
"S09_AT1G52150",5,"endodermis",-0.31761
"S09_AT1G52150",5,"epidermis",0.17379
"S09_AT1G52150",5,"QC",0.99043
"S09_AT1G52150",5,"stele",0.83748
"S09_AT1G52150",5,"columella",-1.98091
"S09_AT1G52150",5,"lateralrootcap",0.47896
"S11_AT2G34710",1,"cortex",-0.60286
"S11_AT2G34710",1,"endodermis",0.19249
"S11_AT2G34710",1,"epidermis",-0.85805
"S11_AT2G34710",1,"QC",1.93672
"S11_AT2G34710",1,"stele",0.47759
"S11_AT2G34710",1,"columella",-0.9104
"S11_AT2G34710",1,"lateralrootcap",-0.23548
"S11_AT2G34710",2,"cortex",0.18641
"S11_AT2G34710",2,"endodermis",1.26339
"S11_AT2G34710",2,"epidermis",-0.92205
"S11_AT2G34710",2,"QC",0.58195
"S11_AT2G34710",2,"stele",0.98638
"S11_AT2G34710",2,"columella",-1.12063
"S11_AT2G34710",2,"lateralrootcap",-0.97545
"S11_AT2G34710",3,"cortex",0.19653
"S11_AT2G34710",3,"endodermis",1.3342
"S11_AT2G34710",3,"epidermis",-1.04645
"S11_AT2G34710",3,"QC",0.99478
"S11_AT2G34710",3,"stele",0.45921
"S11_AT2G34710",3,"columella",-1.02961
"S11_AT2G34710",3,"lateralrootcap",-0.90866
"S11_AT2G34710",4,"cortex",0.60415
"S11_AT2G34710",4,"endodermis",1.56516
"S11_AT2G34710",4,"epidermis",-0.95155
"S11_AT2G34710",4,"QC",0.15379
"S11_AT2G34710",4,"stele",0.58237
"S11_AT2G34710",4,"columella",-1.04067
"S11_AT2G34710",4,"lateralrootcap",-0.91325
"S11_AT2G34710",5,"cortex",0.1739
"S11_AT2G34710",5,"endodermis",1.44165
"S11_AT2G34710",5,"epidermis",-1.13135
"S11_AT2G34710",5,"QC",0.66095
"S11_AT2G34710",5,"stele",0.69393
"S11_AT2G34710",5,"columella",-0.95068
"S11_AT2G34710",5,"lateralrootcap",-0.8884
"S19_AT4G37940",1,"cortex",-0.80033
"S19_AT4G37940",1,"endodermis",-0.84245
"S19_AT4G37940",1,"epidermis",-0.75728
"S19_AT4G37940",1,"QC",0.29632
"S19_AT4G37940",1,"stele",0.27711
"S19_AT4G37940",1,"columella",1.97242
"S19_AT4G37940",1,"lateralrootcap",-0.14578
"S19_AT4G37940",2,"cortex",-0.61138
"S19_AT4G37940",2,"endodermis",-0.70507
"S19_AT4G37940",2,"epidermis",-0.62168
"S19_AT4G37940",2,"QC",0.22751
"S19_AT4G37940",2,"stele",-0.46602
"S19_AT4G37940",2,"columella",2.11418
"S19_AT4G37940",2,"lateralrootcap",0.06246
"S19_AT4G37940",3,"cortex",-0.66338
"S19_AT4G37940",3,"endodermis",-0.81025
"S19_AT4G37940",3,"epidermis",-0.69296
"S19_AT4G37940",3,"QC",0.72563
"S19_AT4G37940",3,"stele",-0.54026
"S19_AT4G37940",3,"columella",1.89675
"S19_AT4G37940",3,"lateralrootcap",0.08446
"S19_AT4G37940",4,"cortex",-0.74814
"S19_AT4G37940",4,"endodermis",-0.76294
"S19_AT4G37940",4,"epidermis",-0.74343
"S19_AT4G37940",4,"QC",0.35374
"S19_AT4G37940",4,"stele",-0.38504
"S19_AT4G37940",4,"columella",1.98542
"S19_AT4G37940",4,"lateralrootcap",0.30041
"S19_AT4G37940",5,"cortex",-0.63299
"S19_AT4G37940",5,"endodermis",-0.58016
"S19_AT4G37940",5,"epidermis",-0.58242
"S19_AT4G37940",5,"QC",-0.31811
"S19_AT4G37940",5,"stele",-0.34443
"S19_AT4G37940",5,"columella",2.14626
"S19_AT4G37940",5,"lateralrootcap",0.31185
"S21_AT3G49760",1,"cortex",-0.70405
"S21_AT3G49760",1,"endodermis",-0.68402
"S21_AT3G49760",1,"epidermis",-0.56944
"S21_AT3G49760",1,"QC",0.05619
"S21_AT3G49760",1,"stele",-0.80992
"S21_AT3G49760",1,"columella",1.79014
"S21_AT3G49760",1,"lateralrootcap",0.92111
"S21_AT3G49760",2,"cortex",0.16822
"S21_AT3G49760",2,"endodermis",-0.08217
"S21_AT3G49760",2,"epidermis",-0.29573
"S21_AT3G49760",2,"QC",1.54374
"S21_AT3G49760",2,"stele",0.31837
"S21_AT3G49760",2,"columella",-1.83312
"S21_AT3G49760",2,"lateralrootcap",0.18069
"S21_AT3G49760",3,"cortex",-0.91438
"S21_AT3G49760",3,"endodermis",-0.96148
"S21_AT3G49760",3,"epidermis",-0.61247
"S21_AT3G49760",3,"QC",1.53128
"S21_AT3G49760",3,"stele",-0.56334
"S21_AT3G49760",3,"columella",0.60797
"S21_AT3G49760",3,"lateralrootcap",0.91243
"S21_AT3G49760",4,"cortex",-0.59727
"S21_AT3G49760",4,"endodermis",-0.66163
"S21_AT3G49760",4,"epidermis",-0.52072
"S21_AT3G49760",4,"QC",1.90312
"S21_AT3G49760",4,"stele",-0.68942
"S21_AT3G49760",4,"columella",-0.29889
"S21_AT3G49760",4,"lateralrootcap",0.8648
"S21_AT3G49760",5,"cortex",-0.30671
"S21_AT3G49760",5,"endodermis",-0.62366
"S21_AT3G49760",5,"epidermis",0.14937
"S21_AT3G49760",5,"QC",1.74123
"S21_AT3G49760",5,"stele",-0.79065
"S21_AT3G49760",5,"columella",-1.03958
"S21_AT3G49760",5,"lateralrootcap",0.87002
"S22_AT4G28140",1,"cortex",0.01073
"S22_AT4G28140",1,"endodermis",-1.56999
"S22_AT4G28140",1,"epidermis",-0.28042
"S22_AT4G28140",1,"QC",0.62397
"S22_AT4G28140",1,"stele",1.20042
"S22_AT4G28140",1,"columella",-0.89399
"S22_AT4G28140",1,"lateralrootcap",0.90929
"S22_AT4G28140",2,"cortex",-0.82947
"S22_AT4G28140",2,"endodermis",-1.38067
"S22_AT4G28140",2,"epidermis",-0.69641
"S22_AT4G28140",2,"QC",0.02427
"S22_AT4G28140",2,"stele",1.20676
"S22_AT4G28140",2,"columella",0.66423
"S22_AT4G28140",2,"lateralrootcap",1.01128
"S22_AT4G28140",3,"cortex",-0.12945
"S22_AT4G28140",3,"endodermis",-0.68882
"S22_AT4G28140",3,"epidermis",0.05519
"S22_AT4G28140",3,"QC",-0.48799
"S22_AT4G28140",3,"stele",1.98231
"S22_AT4G28140",3,"columella",-1.0973
"S22_AT4G28140",3,"lateralrootcap",0.36605
"S22_AT4G28140",4,"cortex",0.16854
"S22_AT4G28140",4,"endodermis",-1.01799
"S22_AT4G28140",4,"epidermis",0.9623
"S22_AT4G28140",4,"QC",0.52434
"S22_AT4G28140",4,"stele",-1.43669
"S22_AT4G28140",4,"columella",-0.42204
"S22_AT4G28140",4,"lateralrootcap",1.22153
"S29_AT2G37590",1,"cortex",-0.74517
"S29_AT2G37590",1,"endodermis",-1.12267
"S29_AT2G37590",1,"epidermis",-0.33428
"S29_AT2G37590",1,"QC",1.43632
"S29_AT2G37590",1,"stele",-0.60748
"S29_AT2G37590",1,"columella",0.09604
"S29_AT2G37590",1,"lateralrootcap",1.27724
"S29_AT2G37590",2,"cortex",-0.59723
"S29_AT2G37590",2,"endodermis",-1.35539
"S29_AT2G37590",2,"epidermis",-0.19116
"S29_AT2G37590",2,"QC",1.6401
"S29_AT2G37590",2,"stele",-0.6029
"S29_AT2G37590",2,"columella",0.32525
"S29_AT2G37590",2,"lateralrootcap",0.78133
"S29_AT2G37590",3,"cortex",-0.80469
"S29_AT2G37590",3,"endodermis",-1.23304
"S29_AT2G37590",3,"epidermis",-0.49018
"S29_AT2G37590",3,"QC",1.7841
"S29_AT2G37590",3,"stele",0.07426
"S29_AT2G37590",3,"columella",0.0355
"S29_AT2G37590",3,"lateralrootcap",0.63404
"S29_AT2G37590",4,"cortex",-0.59013
"S29_AT2G37590",4,"endodermis",-1.57355
"S29_AT2G37590",4,"epidermis",0.14544
"S29_AT2G37590",4,"QC",0.92284
"S29_AT2G37590",4,"stele",-0.61761
"S29_AT2G37590",4,"columella",0.37995
"S29_AT2G37590",4,"lateralrootcap",1.33308
"S32_AT2G18380",1,"cortex",-0.53303
"S32_AT2G18380",1,"endodermis",-0.52333
"S32_AT2G18380",1,"epidermis",-0.46072
"S32_AT2G18380",1,"QC",0.50899
"S32_AT2G18380",1,"stele",2.09325
"S32_AT2G18380",1,"columella",-0.55219
"S32_AT2G18380",1,"lateralrootcap",-0.53298
"S32_AT2G18380",2,"cortex",-0.45027
"S32_AT2G18380",2,"endodermis",-0.55697
"S32_AT2G18380",2,"epidermis",-0.51009
"S32_AT2G18380",2,"QC",0.03443
"S32_AT2G18380",2,"stele",2.22427
"S32_AT2G18380",2,"columella",-0.32914
"S32_AT2G18380",2,"lateralrootcap",-0.41223
"S32_AT2G18380",3,"cortex",-0.40296
"S32_AT2G18380",3,"endodermis",-0.46695
"S32_AT2G18380",3,"epidermis",-0.37691
"S32_AT2G18380",3,"QC",-0.20943
"S32_AT2G18380",3,"stele",2.26033
"S32_AT2G18380",3,"columella",-0.42759
"S32_AT2G18380",3,"lateralrootcap",-0.37648
"S32_AT2G18380",4,"cortex",-0.37673
"S32_AT2G18380",4,"endodermis",-0.37089
"S32_AT2G18380",4,"epidermis",-0.36744
"S32_AT2G18380",4,"QC",-0.1545
"S32_AT2G18380",4,"stele",2.2528
"S32_AT2G18380",4,"columella",-0.53131
"S32_AT2G18380",4,"lateralrootcap",-0.45193
"S32_AT2G18380",5,"cortex",-0.52461
"S32_AT2G18380",5,"endodermis",-0.40599
"S32_AT2G18380",5,"epidermis",-0.52232
"S32_AT2G18380",5,"QC",0.27496
"S32_AT2G18380",5,"stele",2.16869
"S32_AT2G18380",5,"columella",-0.5891
"S32_AT2G18380",5,"lateralrootcap",-0.40163
