"","tissue","value","plant"
"1","endodermis",2.72131838278918,"col0"
"2","lateral_root_cap",0.120487603270822,"col0"
"3","stele",0.818140361177071,"col0"
"4","quiescent_center",3.85721741761136,"col0"
"5","epidermis",1.16613197405495,"col0"
"6","cortex",0.691841303074697,"col0"
"7","pericycle",2.91680192368482,"col0"
"8","cortex_initials",2.78156444328073,"col0"
"9","columella_root_cap",1.46940341761571,"col0"
"10","endodermis",-0.610110183354988,"col0"
"11","lateral_root_cap",1.62371125056135,"col0"
"12","stele",0.307899250235832,"col0"
"13","quiescent_center",1.59339333596559,"col0"
"14","epidermis",1.85118855772142,"col0"
"15","cortex",0.587997023011988,"col0"
"16","pericycle",1.95672540389299,"col0"
"17","cortex_initials",-0.724008305660013,"col0"
"18","columella_root_cap",1.61641495392308,"col0"
"19","endodermis",1.67087569784216,"col0"
"20","lateral_root_cap",1.54130933970472,"col0"
"21","stele",1.38185356675727,"col0"
"22","quiescent_center",1.1613670729757,"col0"
"23","epidermis",2.0250377664129,"col0"
"24","cortex",2.03836766031071,"col0"
"25","pericycle",2.06366704993921,"col0"
"26","cortex_initials",0.458502635030358,"col0"
"27","columella_root_cap",2.27344146803108,"col0"
"28","endodermis",1.05925416234316,"col0"
"29","lateral_root_cap",0.584847873353717,"col0"
"30","stele",1.03247093012608,"col0"
"31","quiescent_center",1.32609990348575,"col0"
"32","epidermis",1.8745776326102,"col0"
"33","cortex",2.97974284566575,"col0"
"34","pericycle",0.148933914542598,"col0"
"35","cortex_initials",1.22300414797494,"col0"
"36","columella_root_cap",0.627666430759451,"col0"
"37","endodermis",0.590211225020744,"col0"
"38","lateral_root_cap",1.17669460124714,"col0"
"39","stele",0.0808486007073226,"col0"
"40","quiescent_center",1.84920485227137,"col0"
"41","epidermis",0.893245422483644,"col0"
"42","cortex",1.66132462628974,"col0"
"43","pericycle",1.61545985447904,"col0"
"44","cortex_initials",2.80487906370737,"col0"
"45","columella_root_cap",2.31773577359425,"col0"
"46","endodermis",0.551342238245988,"col0"
"47","lateral_root_cap",1.56511599613337,"col0"
"48","stele",0.366787976404513,"col0"
"49","quiescent_center",0.763354036166961,"col0"
"50","epidermis",-0.950192818118758,"col0"
"51","cortex",2.38618910384114,"col0"
"52","pericycle",2.57896765916844,"col0"
"53","cortex_initials",1.07374211012635,"col0"
"54","columella_root_cap",1.4041303482138,"col0"
"55","endodermis",1.49110469459732,"col0"
"56","lateral_root_cap",1.82709723032684,"col0"
"57","stele",1.80961708847148,"col0"
"58","quiescent_center",1.45145631397784,"col0"
"59","epidermis",0.188208345892766,"col0"
"60","cortex",0.428357025418266,"col0"
"61","pericycle",2.32116781239757,"col0"
"62","cortex_initials",2.24167559777943,"col0"
"63","columella_root_cap",1.58884840166338,"col0"
"64","endodermis",2.03857112885611,"col0"
"65","lateral_root_cap",0.912144805136374,"col0"
"66","stele",1.38565750575535,"col0"
"67","quiescent_center",0.400681566694852,"col0"
"68","epidermis",2.06371046126064,"col0"
"69","cortex",0.96430773450802,"col0"
"70","pericycle",1.10604242837381,"col0"
"71","cortex_initials",4.34148562240009,"col0"
"72","columella_root_cap",1.17556595115544,"col0"
"73","endodermis",-1.05824390595333,"col0"
"74","lateral_root_cap",1.66587619103943,"col0"
"75","stele",0.016078054277632,"col0"
"76","quiescent_center",0.889533658647814,"col0"
"77","epidermis",2.46138963494762,"col0"
"78","cortex",0.706828347260245,"col0"
"79","pericycle",2.14052069153401,"col0"
"80","cortex_initials",0.649678494296033,"col0"
"81","columella_root_cap",0.902317847175729,"col0"
"82","endodermis",-0.634119008581734,"col0"
"83","lateral_root_cap",-0.0550702663848317,"col0"
"84","stele",1.73927450130716,"col0"
"85","quiescent_center",0.894118173174438,"col0"
"86","epidermis",3.02559382191895,"col0"
"87","cortex",0.0113335459646302,"col0"
"88","pericycle",1.3431879658973,"col0"
"89","cortex_initials",0.560125325003774,"col0"
"90","columella_root_cap",-0.819944885409158,"col0"
"91","endodermis",1.67669013142301,"col0"
"92","lateral_root_cap",1.79103471141581,"col0"
"93","stele",-0.458880409880886,"col0"
"94","quiescent_center",0.569457853234585,"col0"
"95","epidermis",1.77633433521178,"col0"
"96","cortex",-0.347553843126233,"col0"
"97","pericycle",-0.456213724489383,"col0"
"98","cortex_initials",0.856806737195539,"col0"
"99","columella_root_cap",2.67731227254616,"col0"
"100","endodermis",-0.227215863097352,"col0"
"101","lateral_root_cap",0.89064886286643,"col0"
"102","stele",1.26222793169196,"col0"
"103","quiescent_center",0.554295045850973,"col0"
"104","epidermis",0.122089420659771,"col0"
"105","cortex",2.58986538029408,"col0"
"106","pericycle",3.63161177455506,"col0"
"107","cortex_initials",4.47890519472856,"col0"
"108","columella_root_cap",1.08906541245041,"col0"
"109","endodermis",2.83494348271902,"col0"
"110","lateral_root_cap",1.1034834995297,"col0"
"111","stele",1.9996355509984,"col0"
"112","quiescent_center",1.04018460642686,"col0"
"113","epidermis",2.56019628215118,"col0"
"114","cortex",0.288480298542976,"col0"
"115","pericycle",0.5766856609732,"col0"
"116","cortex_initials",0.0726594364912394,"col0"
"117","columella_root_cap",2.0377161699392,"col0"
"118","endodermis",0.437491913636172,"col0"
"119","lateral_root_cap",-0.023394155346629,"col0"
"120","stele",0.922007964804556,"col0"
"121","quiescent_center",2.80460084446022,"col0"
"122","epidermis",1.52003412856486,"col0"
"123","cortex",1.80579436197938,"col0"
"124","pericycle",1.07988257348073,"col0"
"125","cortex_initials",0.720374587485807,"col0"
"126","columella_root_cap",0.319293538155852,"col0"
"127","endodermis",2.61644507167645,"col0"
"128","lateral_root_cap",1.7996143209744,"col0"
"129","stele",2.7330175553467,"col0"
"130","quiescent_center",0.941119903925117,"col0"
"131","epidermis",2.79638333324216,"col0"
"132","cortex",0.407913972062489,"col0"
"133","pericycle",1.71603598496265,"col0"
"134","cortex_initials",1.4849511479224,"col0"
"135","columella_root_cap",0.604087493837251,"col0"
"136","endodermis",1.66768527930829,"col0"
"137","lateral_root_cap",1.11079150846077,"col0"
"138","stele",1.77567393244604,"col0"
"139","quiescent_center",0.742214271995226,"col0"
"140","epidermis",2.22398193970518,"col0"
"141","cortex",0.358837554451173,"col0"
"142","pericycle",1.17042448043117,"col0"
"143","cortex_initials",0.303724375739129,"col0"
"144","columella_root_cap",1.153485873534,"col0"
"145","endodermis",1.13096021836123,"col0"
"146","lateral_root_cap",2.15472619126784,"col0"
"147","stele",-0.233648664495083,"col0"
"148","quiescent_center",2.33377299786075,"col0"
"149","epidermis",1.75687259574525,"col0"
"150","cortex",-0.265985499950874,"col0"
"151","pericycle",2.89089009582606,"col0"
"152","cortex_initials",1.95717417888595,"col0"
"153","columella_root_cap",0.40389812050049,"col0"
"154","endodermis",2.17744104326,"col0"
"155","lateral_root_cap",0.892889435012611,"col0"
"156","stele",0.491119905719432,"col0"
"157","quiescent_center",1.91382315926482,"col0"
"158","epidermis",1.01900723135872,"col0"
"159","cortex",1.70548867247838,"col0"
"160","pericycle",1.82220913348128,"col0"
"161","cortex_initials",2.87642821412582,"col0"
"162","columella_root_cap",3.58893401534634,"col0"
"163","endodermis",0.826827021053977,"col0"
"164","lateral_root_cap",1.63982585468888,"col0"
"165","stele",2.02197327202302,"col0"
"166","quiescent_center",1.36781388753513,"col0"
"167","epidermis",0.811215178770793,"col0"
"168","cortex",1.88576631250403,"col0"
"169","pericycle",3.02794037613829,"col0"
"170","cortex_initials",1.5334831256791,"col0"
"171","columella_root_cap",-0.361449646222659,"col0"
"172","endodermis",0.935576505825965,"col0"
"173","lateral_root_cap",1.59585412172305,"col0"
"174","stele",0.859814240945046,"col0"
"175","quiescent_center",0.934289965367854,"col0"
"176","epidermis",1.84598939329297,"col0"
"177","cortex",0.50665381123281,"col0"
"178","pericycle",2.79175532729866,"col0"
"179","cortex_initials",-0.0530804007998067,"col0"
"180","columella_root_cap",0.772710668981163,"col0"
"181","endodermis",5.5245301502545,"myc-wr9"
"182","lateral_root_cap",6.27581568538438,"myc-wr9"
"183","stele",5.92314716513336,"myc-wr9"
"184","quiescent_center",4.52333923736154,"myc-wr9"
"185","epidermis",4.82269352389275,"myc-wr9"
"186","cortex",4.08425703270598,"myc-wr9"
"187","pericycle",5.03452099151903,"myc-wr9"
"188","cortex_initials",4.95725852886446,"myc-wr9"
"189","columella_root_cap",2.9561201752821,"myc-wr9"
"190","endodermis",4.25313352670387,"myc-wr9"
"191","lateral_root_cap",5.12231948054276,"myc-wr9"
"192","stele",3.59410203564498,"myc-wr9"
"193","quiescent_center",5.56708884442643,"myc-wr9"
"194","epidermis",4.64020297073193,"myc-wr9"
"195","cortex",6.8607407473017,"myc-wr9"
"196","pericycle",5.98679200382334,"myc-wr9"
"197","cortex_initials",4.79791655804369,"myc-wr9"
"198","columella_root_cap",4.33732813411246,"myc-wr9"
"199","endodermis",5.43808787535227,"myc-wr9"
"200","lateral_root_cap",5.02413916134242,"myc-wr9"
"201","stele",5.24258062152668,"myc-wr9"
"202","quiescent_center",4.14669370970646,"myc-wr9"
"203","epidermis",4.62979676639689,"myc-wr9"
"204","cortex",3.13642578416482,"myc-wr9"
"205","pericycle",3.79184979728426,"myc-wr9"
"206","cortex_initials",2.96926692818565,"myc-wr9"
"207","columella_root_cap",5.83430376353988,"myc-wr9"
"208","endodermis",6.49782958896326,"myc-wr9"
"209","lateral_root_cap",4.289736419403,"myc-wr9"
"210","stele",4.49214859981333,"myc-wr9"
"211","quiescent_center",2.85946984148089,"myc-wr9"
"212","epidermis",4.27425125966802,"myc-wr9"
"213","cortex",5.87732763184825,"myc-wr9"
"214","pericycle",3.75870142236765,"myc-wr9"
"215","cortex_initials",4.51296821515381,"myc-wr9"
"216","columella_root_cap",4.00444755788824,"myc-wr9"
"217","endodermis",4.01033884831104,"myc-wr9"
"218","lateral_root_cap",4.00882322330364,"myc-wr9"
"219","stele",6.05807680759474,"myc-wr9"
"220","quiescent_center",5.45620219484316,"myc-wr9"
"221","epidermis",5.63725933521505,"myc-wr9"
"222","cortex",4.29164467647458,"myc-wr9"
"223","pericycle",3.66658112494329,"myc-wr9"
"224","cortex_initials",5.07478741695256,"myc-wr9"
"225","columella_root_cap",3.65326896579325,"myc-wr9"
"226","endodermis",4.95461696922576,"myc-wr9"
"227","lateral_root_cap",4.46877648136191,"myc-wr9"
"228","stele",3.94938269731419,"myc-wr9"
"229","quiescent_center",3.74947170753109,"myc-wr9"
"230","epidermis",3.91127810863848,"myc-wr9"
"231","cortex",5.24791343182639,"myc-wr9"
"232","pericycle",4.07963066479662,"myc-wr9"
"233","cortex_initials",4.5930455084744,"myc-wr9"
"234","columella_root_cap",3.3366811099447,"myc-wr9"
"235","endodermis",5.25062184022599,"myc-wr9"
"236","lateral_root_cap",6.93394548393092,"myc-wr9"
"237","stele",4.48573042669181,"myc-wr9"
"238","quiescent_center",5.86371049042879,"myc-wr9"
"239","epidermis",4.31612748985498,"myc-wr9"
"240","cortex",6.47243854174231,"myc-wr9"
"241","pericycle",4.40117180068913,"myc-wr9"
"242","cortex_initials",4.12746878200132,"myc-wr9"
"243","columella_root_cap",4.0114574708946,"myc-wr9"
"244","endodermis",4.49391789768824,"myc-wr9"
"245","lateral_root_cap",6.34611975318067,"myc-wr9"
"246","stele",4.87579602175785,"myc-wr9"
"247","quiescent_center",3.49662519638652,"myc-wr9"
"248","epidermis",4.41509808634701,"myc-wr9"
"249","cortex",5.77699423599725,"myc-wr9"
"250","pericycle",3.23763776568898,"myc-wr9"
"251","cortex_initials",4.25142374616127,"myc-wr9"
"252","columella_root_cap",4.67464807624152,"myc-wr9"
"253","endodermis",4.83863733103669,"myc-wr9"
"254","lateral_root_cap",5.21984156276428,"myc-wr9"
"255","stele",5.05988955296135,"myc-wr9"
"256","quiescent_center",4.99486735979308,"myc-wr9"
"257","epidermis",5.93200597136769,"myc-wr9"
"258","cortex",3.43632776278927,"myc-wr9"
"259","pericycle",3.27727918463004,"myc-wr9"
"260","cortex_initials",3.87071335722781,"myc-wr9"
"261","columella_root_cap",3.26144758730699,"myc-wr9"
"262","endodermis",5.29681155370843,"myc-wr9"
"263","lateral_root_cap",5.02661445536256,"myc-wr9"
"264","stele",2.96906445818643,"myc-wr9"
"265","quiescent_center",4.8261092491538,"myc-wr9"
"266","epidermis",3.55089164133927,"myc-wr9"
"267","cortex",7.29363729675266,"myc-wr9"
"268","pericycle",5.13908147405154,"myc-wr9"
"269","cortex_initials",4.64724407168542,"myc-wr9"
"270","columella_root_cap",4.69587096441731,"myc-wr9"
"271","endodermis",3.15993246745962,"myc-wr9"
"272","lateral_root_cap",3.17593546744118,"myc-wr9"
"273","stele",3.79419159465551,"myc-wr9"
"274","quiescent_center",4.91159469716832,"myc-wr9"
"275","epidermis",4.88076058540368,"myc-wr9"
"276","cortex",4.94702797245825,"myc-wr9"
"277","pericycle",3.86061807190885,"myc-wr9"
"278","cortex_initials",5.93031171273146,"myc-wr9"
"279","columella_root_cap",3.46601092701386,"myc-wr9"
"280","endodermis",4.48082859011288,"myc-wr9"
"281","lateral_root_cap",5.02161721070832,"myc-wr9"
"282","stele",5.49461668828346,"myc-wr9"
"283","quiescent_center",3.44924213669856,"myc-wr9"
"284","epidermis",4.7879692885406,"myc-wr9"
"285","cortex",5.00782117067239,"myc-wr9"
"286","pericycle",5.59813042675499,"myc-wr9"
"287","cortex_initials",3.48382823399525,"myc-wr9"
"288","columella_root_cap",3.23359807663512,"myc-wr9"
"289","endodermis",5.27953036026672,"myc-wr9"
"290","lateral_root_cap",5.09387356798768,"myc-wr9"
"291","stele",5.87292997716594,"myc-wr9"
"292","quiescent_center",3.8983092049366,"myc-wr9"
"293","epidermis",5.40662888213746,"myc-wr9"
"294","cortex",3.41983028387174,"myc-wr9"
"295","pericycle",3.44433470347272,"myc-wr9"
"296","cortex_initials",4.75884472095373,"myc-wr9"
"297","columella_root_cap",6.30148480881278,"myc-wr9"
"298","endodermis",3.67784312513019,"myc-wr9"
"299","lateral_root_cap",5.15213801004051,"myc-wr9"
"300","stele",5.25399220162866,"myc-wr9"
"301","quiescent_center",4.13875146807491,"myc-wr9"
"302","epidermis",4.83901061862832,"myc-wr9"
"303","cortex",3.19872982572539,"myc-wr9"
"304","pericycle",5.6437684348639,"myc-wr9"
"305","cortex_initials",3.63163833056789,"myc-wr9"
"306","columella_root_cap",4.87475358274484,"myc-wr9"
"307","endodermis",5.04252086070662,"myc-wr9"
"308","lateral_root_cap",4.0940488233909,"myc-wr9"
"309","stele",4.03331586382732,"myc-wr9"
"310","quiescent_center",4.43472863839991,"myc-wr9"
"311","epidermis",4.63851484903372,"myc-wr9"
"312","cortex",6.00207871400015,"myc-wr9"
"313","pericycle",5.90196341826121,"myc-wr9"
"314","cortex_initials",6.11533788846287,"myc-wr9"
"315","columella_root_cap",2.70441420754078,"myc-wr9"
"316","endodermis",4.52849841604164,"myc-wr9"
"317","lateral_root_cap",3.87741991163647,"myc-wr9"
"318","stele",4.13115219312005,"myc-wr9"
"319","quiescent_center",3.32477674808368,"myc-wr9"
"320","epidermis",6.08154096708873,"myc-wr9"
"321","cortex",4.46998083336088,"myc-wr9"
"322","pericycle",3.00731972697064,"myc-wr9"
"323","cortex_initials",5.84523425611052,"myc-wr9"
"324","columella_root_cap",4.84706358115375,"myc-wr9"
"325","endodermis",4.30052310150858,"myc-wr9"
"326","lateral_root_cap",5.39410209964222,"myc-wr9"
"327","stele",3.77563047027151,"myc-wr9"
"328","quiescent_center",4.53255365311854,"myc-wr9"
"329","epidermis",3.69606882951417,"myc-wr9"
"330","cortex",6.16311200115844,"myc-wr9"
"331","pericycle",5.40395135309564,"myc-wr9"
"332","cortex_initials",4.45852284423186,"myc-wr9"
"333","columella_root_cap",6.66893053936885,"myc-wr9"
"334","endodermis",4.42108562687594,"myc-wr9"
"335","lateral_root_cap",5.79372104318115,"myc-wr9"
"336","stele",5.47932762293222,"myc-wr9"
"337","quiescent_center",5.96987195719536,"myc-wr9"
"338","epidermis",4.03477941558554,"myc-wr9"
"339","cortex",7.3201276016928,"myc-wr9"
"340","pericycle",3.94890205870355,"myc-wr9"
"341","cortex_initials",6.0526777596691,"myc-wr9"
"342","columella_root_cap",5.3829003321541,"myc-wr9"
"343","endodermis",6.40979593520104,"myc-wr9"
"344","lateral_root_cap",4.0721088478836,"myc-wr9"
"345","stele",3.55663145261622,"myc-wr9"
"346","quiescent_center",4.15726198447056,"myc-wr9"
"347","epidermis",4.11635757485756,"myc-wr9"
"348","cortex",5.08490914569864,"myc-wr9"
"349","pericycle",4.95931946428185,"myc-wr9"
"350","cortex_initials",4.6128868784349,"myc-wr9"
"351","columella_root_cap",4.39019514722713,"myc-wr9"
"352","endodermis",4.05332517628608,"myc-wr9"
"353","lateral_root_cap",4.23319760249957,"myc-wr9"
"354","stele",5.84003334877678,"myc-wr9"
"355","quiescent_center",4.53111759375355,"myc-wr9"
"356","epidermis",6.12719889962571,"myc-wr9"
"357","cortex",4.73142582943579,"myc-wr9"
"358","pericycle",5.67545352535544,"myc-wr9"
"359","cortex_initials",4.74747387080368,"myc-wr9"
"360","columella_root_cap",3.53562388092742,"myc-wr9"
"361","endodermis",9.69616936551896,"atataat-wr3"
"362","lateral_root_cap",9.02256187722777,"atataat-wr3"
"363","stele",9.11568183539131,"atataat-wr3"
"364","quiescent_center",9.89232631579055,"atataat-wr3"
"365","epidermis",11.849706239767,"atataat-wr3"
"366","cortex",11.087439374987,"atataat-wr3"
"367","pericycle",9.14757604047569,"atataat-wr3"
"368","cortex_initials",9.80604506367903,"atataat-wr3"
"369","columella_root_cap",10.0060259690362,"atataat-wr3"
"370","endodermis",8.15769017079798,"atataat-wr3"
"371","lateral_root_cap",8.29217264680349,"atataat-wr3"
"372","stele",10.7084209263986,"atataat-wr3"
"373","quiescent_center",10.4476451073065,"atataat-wr3"
"374","epidermis",10.4731860913457,"atataat-wr3"
"375","cortex",7.48362227704781,"atataat-wr3"
"376","pericycle",8.98165808333283,"atataat-wr3"
"377","cortex_initials",8.58668515263625,"atataat-wr3"
"378","columella_root_cap",10.1522495037506,"atataat-wr3"
"379","endodermis",8.29664156502791,"atataat-wr3"
"380","lateral_root_cap",10.2991315139168,"atataat-wr3"
"381","stele",11.4653952475562,"atataat-wr3"
"382","quiescent_center",9.32378802486578,"atataat-wr3"
"383","epidermis",8.49643348178877,"atataat-wr3"
"384","cortex",9.58854602056674,"atataat-wr3"
"385","pericycle",11.6292097284788,"atataat-wr3"
"386","cortex_initials",9.64637041925042,"atataat-wr3"
"387","columella_root_cap",9.44570313426935,"atataat-wr3"
"388","endodermis",10.9541659637174,"atataat-wr3"
"389","lateral_root_cap",7.81871557615657,"atataat-wr3"
"390","stele",9.49625888391053,"atataat-wr3"
"391","quiescent_center",8.95625648003155,"atataat-wr3"
"392","epidermis",8.3522561069793,"atataat-wr3"
"393","cortex",9.13525209445944,"atataat-wr3"
"394","pericycle",9.22240719738568,"atataat-wr3"
"395","cortex_initials",9.29517909764414,"atataat-wr3"
"396","columella_root_cap",10.3594199011261,"atataat-wr3"
"397","endodermis",11.0678007988027,"atataat-wr3"
"398","lateral_root_cap",10.5107391133816,"atataat-wr3"
"399","stele",8.42175881156591,"atataat-wr3"
"400","quiescent_center",12.3368105017731,"atataat-wr3"
"401","epidermis",11.2728290298467,"atataat-wr3"
"402","cortex",9.39143925095252,"atataat-wr3"
"403","pericycle",9.15295336914907,"atataat-wr3"
"404","cortex_initials",10.6761290080772,"atataat-wr3"
"405","columella_root_cap",9.57597285538531,"atataat-wr3"
"406","endodermis",11.3940394674308,"atataat-wr3"
"407","lateral_root_cap",9.98223042478132,"atataat-wr3"
"408","stele",10.5653240713194,"atataat-wr3"
"409","quiescent_center",10.1356500248104,"atataat-wr3"
"410","epidermis",9.66316350983239,"atataat-wr3"
"411","cortex",9.22467223373979,"atataat-wr3"
"412","pericycle",7.82605516299854,"atataat-wr3"
"413","cortex_initials",8.95817420862065,"atataat-wr3"
"414","columella_root_cap",9.90372585487797,"atataat-wr3"
"415","endodermis",9.39243621626439,"atataat-wr3"
"416","lateral_root_cap",10.7052397522595,"atataat-wr3"
"417","stele",8.38334191863198,"atataat-wr3"
"418","quiescent_center",8.83723537919188,"atataat-wr3"
"419","epidermis",8.70385216069482,"atataat-wr3"
"420","cortex",9.5605538564258,"atataat-wr3"
"421","pericycle",8.66731633144204,"atataat-wr3"
"422","cortex_initials",9.86398502553668,"atataat-wr3"
"423","columella_root_cap",7.78548341974355,"atataat-wr3"
"424","endodermis",9.54759547275558,"atataat-wr3"
"425","lateral_root_cap",10.9994934627226,"atataat-wr3"
"426","stele",10.3165833501581,"atataat-wr3"
"427","quiescent_center",8.52772003218989,"atataat-wr3"
"428","epidermis",9.32519995136927,"atataat-wr3"
"429","cortex",12.3379313871743,"atataat-wr3"
"430","pericycle",10.4475940870001,"atataat-wr3"
"431","cortex_initials",10.5994939655514,"atataat-wr3"
"432","columella_root_cap",9.37265928640569,"atataat-wr3"
"433","endodermis",10.9374480815933,"atataat-wr3"
"434","lateral_root_cap",10.4420925054126,"atataat-wr3"
"435","stele",8.17284803348918,"atataat-wr3"
"436","quiescent_center",9.24574562417654,"atataat-wr3"
"437","epidermis",9.84700312425866,"atataat-wr3"
"438","cortex",9.67297757770969,"atataat-wr3"
"439","pericycle",10.22947711298,"atataat-wr3"
"440","cortex_initials",10.1787834702594,"atataat-wr3"
"441","columella_root_cap",9.8930387509793,"atataat-wr3"
"442","endodermis",9.34052107726187,"atataat-wr3"
"443","lateral_root_cap",10.0634412813448,"atataat-wr3"
"444","stele",10.7831285850526,"atataat-wr3"
"445","quiescent_center",9.84764466026712,"atataat-wr3"
"446","epidermis",10.6399993491398,"atataat-wr3"
"447","cortex",10.5475696581004,"atataat-wr3"
"448","pericycle",9.36175153235183,"atataat-wr3"
"449","cortex_initials",9.67313088778575,"atataat-wr3"
"450","columella_root_cap",10.2895548955094,"atataat-wr3"
"451","endodermis",9.62811870901647,"atataat-wr3"
"452","lateral_root_cap",9.35531590308069,"atataat-wr3"
"453","stele",10.1605130067576,"atataat-wr3"
"454","quiescent_center",8.97640494980452,"atataat-wr3"
"455","epidermis",11.3318638062471,"atataat-wr3"
"456","cortex",10.2205321754593,"atataat-wr3"
"457","pericycle",9.92619959027643,"atataat-wr3"
"458","cortex_initials",7.522833857136,"atataat-wr3"
"459","columella_root_cap",8.71698687562195,"atataat-wr3"
"460","endodermis",10.4910077844273,"atataat-wr3"
"461","lateral_root_cap",9.77346802211534,"atataat-wr3"
"462","stele",9.16844899424852,"atataat-wr3"
"463","quiescent_center",10.8259244703795,"atataat-wr3"
"464","epidermis",9.4664826461695,"atataat-wr3"
"465","cortex",9.32714346726635,"atataat-wr3"
"466","pericycle",8.68451104092308,"atataat-wr3"
"467","cortex_initials",9.93570733808362,"atataat-wr3"
"468","columella_root_cap",9.1203850950983,"atataat-wr3"
"469","endodermis",8.85137459785915,"atataat-wr3"
"470","lateral_root_cap",9.18405267205945,"atataat-wr3"
"471","stele",8.57678357713883,"atataat-wr3"
"472","quiescent_center",8.82200011729766,"atataat-wr3"
"473","epidermis",8.70057379847621,"atataat-wr3"
"474","cortex",9.13817776756009,"atataat-wr3"
"475","pericycle",8.27218445551789,"atataat-wr3"
"476","cortex_initials",10.3679723216216,"atataat-wr3"
"477","columella_root_cap",11.606669836987,"atataat-wr3"
"478","endodermis",9.77600255346207,"atataat-wr3"
"479","lateral_root_cap",10.2292847276522,"atataat-wr3"
"480","stele",8.91708135296518,"atataat-wr3"
"481","quiescent_center",9.17694353777225,"atataat-wr3"
"482","epidermis",9.64529934977489,"atataat-wr3"
"483","cortex",9.00504032531729,"atataat-wr3"
"484","pericycle",9.5872271054148,"atataat-wr3"
"485","cortex_initials",10.0057633342439,"atataat-wr3"
"486","columella_root_cap",9.1776723570088,"atataat-wr3"
"487","endodermis",10.4656334967744,"atataat-wr3"
"488","lateral_root_cap",8.14690841223885,"atataat-wr3"
"489","stele",9.76116458302266,"atataat-wr3"
"490","quiescent_center",9.96580989676985,"atataat-wr3"
"491","epidermis",9.74256563281315,"atataat-wr3"
"492","cortex",8.86731287559395,"atataat-wr3"
"493","pericycle",11.058186074391,"atataat-wr3"
"494","cortex_initials",9.0582796163943,"atataat-wr3"
"495","columella_root_cap",10.6043812414016,"atataat-wr3"
"496","endodermis",10.1608349207264,"atataat-wr3"
"497","lateral_root_cap",9.92418189331879,"atataat-wr3"
"498","stele",10.058957786849,"atataat-wr3"
"499","quiescent_center",8.28420424202515,"atataat-wr3"
"500","epidermis",9.84214545284062,"atataat-wr3"
"501","cortex",9.30357978959514,"atataat-wr3"
"502","pericycle",8.33165956448945,"atataat-wr3"
"503","cortex_initials",8.73464306403181,"atataat-wr3"
"504","columella_root_cap",9.83346470941579,"atataat-wr3"
"505","endodermis",9.69440900684149,"atataat-wr3"
"506","lateral_root_cap",9.51635128957822,"atataat-wr3"
"507","stele",10.1385715004052,"atataat-wr3"
"508","quiescent_center",10.7065534969101,"atataat-wr3"
"509","epidermis",9.99263003737774,"atataat-wr3"
"510","cortex",9.10065257690095,"atataat-wr3"
"511","pericycle",9.68150888867823,"atataat-wr3"
"512","cortex_initials",9.59535179902331,"atataat-wr3"
"513","columella_root_cap",10.9764964180563,"atataat-wr3"
"514","endodermis",9.63548282432463,"atataat-wr3"
"515","lateral_root_cap",9.494627302025,"atataat-wr3"
"516","stele",8.20416582725991,"atataat-wr3"
"517","quiescent_center",10.0304561078276,"atataat-wr3"
"518","epidermis",9.45346678453461,"atataat-wr3"
"519","cortex",10.184629177791,"atataat-wr3"
"520","pericycle",9.26203662779423,"atataat-wr3"
"521","cortex_initials",9.06864286413962,"atataat-wr3"
"522","columella_root_cap",11.3121568766983,"atataat-wr3"
"523","endodermis",10.4375283762874,"atataat-wr3"
"524","lateral_root_cap",9.54648039652048,"atataat-wr3"
"525","stele",8.64145175366989,"atataat-wr3"
"526","quiescent_center",10.3697776146132,"atataat-wr3"
"527","epidermis",10.2062319874318,"atataat-wr3"
"528","cortex",9.53675824634286,"atataat-wr3"
"529","pericycle",8.72775132579632,"atataat-wr3"
"530","cortex_initials",9.80015312703422,"atataat-wr3"
"531","columella_root_cap",10.7505840806853,"atataat-wr3"
"532","endodermis",9.15665023272796,"atataat-wr3"
"533","lateral_root_cap",8.0130936348799,"atataat-wr3"
"534","stele",9.58037590491298,"atataat-wr3"
"535","quiescent_center",8.8717674099669,"atataat-wr3"
"536","epidermis",9.44313658402806,"atataat-wr3"
"537","cortex",9.90633060803206,"atataat-wr3"
"538","pericycle",8.20418924100695,"atataat-wr3"
"539","cortex_initials",9.00926682211984,"atataat-wr3"
"540","columella_root_cap",9.30233411627358,"atataat-wr3"
"541","endodermis",7.09587893214619,"telo-wr7"
"542","lateral_root_cap",6.81575984325593,"telo-wr7"
"543","stele",8.10471335013836,"telo-wr7"
"544","quiescent_center",8.42531541628961,"telo-wr7"
"545","epidermis",7.95049644274111,"telo-wr7"
"546","cortex",7.68728969699994,"telo-wr7"
"547","pericycle",6.91300237485342,"telo-wr7"
"548","cortex_initials",5.73192144059563,"telo-wr7"
"549","columella_root_cap",5.98763251871133,"telo-wr7"
"550","endodermis",6.28714360162948,"telo-wr7"
"551","lateral_root_cap",7.18077761660448,"telo-wr7"
"552","stele",7.41535924433383,"telo-wr7"
"553","quiescent_center",8.73802935194057,"telo-wr7"
"554","epidermis",8.49836155310739,"telo-wr7"
"555","cortex",8.53852827750286,"telo-wr7"
"556","pericycle",7.39627324542619,"telo-wr7"
"557","cortex_initials",8.52727092425243,"telo-wr7"
"558","columella_root_cap",8.06557951568518,"telo-wr7"
"559","endodermis",9.04623697726477,"telo-wr7"
"560","lateral_root_cap",5.82072735966277,"telo-wr7"
"561","stele",7.18807281308267,"telo-wr7"
"562","quiescent_center",6.22516560591325,"telo-wr7"
"563","epidermis",7.62055340887012,"telo-wr7"
"564","cortex",6.34342419920863,"telo-wr7"
"565","pericycle",8.6415877557983,"telo-wr7"
"566","cortex_initials",7.45612728274818,"telo-wr7"
"567","columella_root_cap",8.85201138845824,"telo-wr7"
"568","endodermis",9.0816814944414,"telo-wr7"
"569","lateral_root_cap",9.03963088419975,"telo-wr7"
"570","stele",6.840002446963,"telo-wr7"
"571","quiescent_center",7.71002123979602,"telo-wr7"
"572","epidermis",7.43386276634765,"telo-wr7"
"573","cortex",8.20178660569323,"telo-wr7"
"574","pericycle",9.10488987565869,"telo-wr7"
"575","cortex_initials",7.34463470492073,"telo-wr7"
"576","columella_root_cap",9.46954539130499,"telo-wr7"
"577","endodermis",6.82289199407439,"telo-wr7"
"578","lateral_root_cap",7.88986678178357,"telo-wr7"
"579","stele",7.60203637598982,"telo-wr7"
"580","quiescent_center",6.12110781000849,"telo-wr7"
"581","epidermis",8.28031338637068,"telo-wr7"
"582","cortex",7.32209652234272,"telo-wr7"
"583","pericycle",8.43536610395143,"telo-wr7"
"584","cortex_initials",8.22362471734628,"telo-wr7"
"585","columella_root_cap",8.85439794982731,"telo-wr7"
"586","endodermis",8.13007063989124,"telo-wr7"
"587","lateral_root_cap",6.88355861798258,"telo-wr7"
"588","stele",8.017069844203,"telo-wr7"
"589","quiescent_center",6.45544953787098,"telo-wr7"
"590","epidermis",5.84926116553915,"telo-wr7"
"591","cortex",7.98248911500702,"telo-wr7"
"592","pericycle",8.2333322659714,"telo-wr7"
"593","cortex_initials",6.92776945530079,"telo-wr7"
"594","columella_root_cap",8.04607696208696,"telo-wr7"
"595","endodermis",9.00822707465325,"telo-wr7"
"596","lateral_root_cap",7.39181446509485,"telo-wr7"
"597","stele",9.08073248801746,"telo-wr7"
"598","quiescent_center",7.61331421057221,"telo-wr7"
"599","epidermis",9.35350995556487,"telo-wr7"
"600","cortex",7.44417461321712,"telo-wr7"
"601","pericycle",7.81170498254297,"telo-wr7"
"602","cortex_initials",6.58444563548991,"telo-wr7"
"603","columella_root_cap",7.73379186999656,"telo-wr7"
"604","endodermis",7.38583624097986,"telo-wr7"
"605","lateral_root_cap",7.98797628244617,"telo-wr7"
"606","stele",6.26201503342456,"telo-wr7"
"607","quiescent_center",7.58535992714513,"telo-wr7"
"608","epidermis",6.75065188386392,"telo-wr7"
"609","cortex",8.79777774058773,"telo-wr7"
"610","pericycle",7.91937629109523,"telo-wr7"
"611","cortex_initials",8.11809939421249,"telo-wr7"
"612","columella_root_cap",8.27809374351737,"telo-wr7"
"613","endodermis",7.6334986850712,"telo-wr7"
"614","lateral_root_cap",5.38530721099625,"telo-wr7"
"615","stele",7.30250512053295,"telo-wr7"
"616","quiescent_center",5.32885910130311,"telo-wr7"
"617","epidermis",5.72174998303586,"telo-wr7"
"618","cortex",7.69742045438962,"telo-wr7"
"619","pericycle",7.75792891397875,"telo-wr7"
"620","cortex_initials",6.83694380394986,"telo-wr7"
"621","columella_root_cap",6.25267749440036,"telo-wr7"
"622","endodermis",9.10014807996264,"telo-wr7"
"623","lateral_root_cap",7.58475747333017,"telo-wr7"
"624","stele",7.23588100375846,"telo-wr7"
"625","quiescent_center",6.12651829686137,"telo-wr7"
"626","epidermis",7.70111051953883,"telo-wr7"
"627","cortex",8.44341380580998,"telo-wr7"
"628","pericycle",5.39863609705221,"telo-wr7"
"629","cortex_initials",7.43466277306606,"telo-wr7"
"630","columella_root_cap",7.19290350362879,"telo-wr7"
"631","endodermis",6.78449204521533,"telo-wr7"
"632","lateral_root_cap",7.56439918319398,"telo-wr7"
"633","stele",7.48682236471997,"telo-wr7"
"634","quiescent_center",7.22700197607731,"telo-wr7"
"635","epidermis",7.43358135727861,"telo-wr7"
"636","cortex",7.95926345096102,"telo-wr7"
"637","pericycle",8.01712698854341,"telo-wr7"
"638","cortex_initials",8.45594964114837,"telo-wr7"
"639","columella_root_cap",8.20568459764542,"telo-wr7"
"640","endodermis",6.6708908907066,"telo-wr7"
"641","lateral_root_cap",7.36853690219631,"telo-wr7"
"642","stele",7.03083454576212,"telo-wr7"
"643","quiescent_center",6.97716746571255,"telo-wr7"
"644","epidermis",8.72942766167863,"telo-wr7"
"645","cortex",8.3173932312193,"telo-wr7"
"646","pericycle",8.06430445845695,"telo-wr7"
"647","cortex_initials",6.79714064132931,"telo-wr7"
"648","columella_root_cap",6.80244551836517,"telo-wr7"
"649","endodermis",5.41086097577549,"telo-wr7"
"650","lateral_root_cap",7.94521282558905,"telo-wr7"
"651","stele",7.17130164544632,"telo-wr7"
"652","quiescent_center",7.40567495004427,"telo-wr7"
"653","epidermis",6.45004417643003,"telo-wr7"
"654","cortex",8.00567697116485,"telo-wr7"
"655","pericycle",7.54764632479722,"telo-wr7"
"656","cortex_initials",9.53560894644428,"telo-wr7"
"657","columella_root_cap",8.90725893323178,"telo-wr7"
"658","endodermis",7.83666936691564,"telo-wr7"
"659","lateral_root_cap",7.9374063302032,"telo-wr7"
"660","stele",6.89884012352378,"telo-wr7"
"661","quiescent_center",6.43524364089599,"telo-wr7"
"662","epidermis",6.90497906580845,"telo-wr7"
"663","cortex",7.15407088018014,"telo-wr7"
"664","pericycle",8.12129838875191,"telo-wr7"
"665","cortex_initials",9.01121280466259,"telo-wr7"
"666","columella_root_cap",7.04070364048384,"telo-wr7"
"667","endodermis",6.30006596082119,"telo-wr7"
"668","lateral_root_cap",7.74328678441,"telo-wr7"
"669","stele",6.58538829105512,"telo-wr7"
"670","quiescent_center",8.6426069253458,"telo-wr7"
"671","epidermis",7.23374706182496,"telo-wr7"
"672","cortex",8.61354037614874,"telo-wr7"
"673","pericycle",8.46437085031535,"telo-wr7"
"674","cortex_initials",7.07090855973097,"telo-wr7"
"675","columella_root_cap",7.15995890063884,"telo-wr7"
"676","endodermis",6.97728202745815,"telo-wr7"
"677","lateral_root_cap",6.94131767964851,"telo-wr7"
"678","stele",8.85472813417191,"telo-wr7"
"679","quiescent_center",7.75600845156844,"telo-wr7"
"680","epidermis",6.55110495706885,"telo-wr7"
"681","cortex",5.37200805552181,"telo-wr7"
"682","pericycle",6.95897130255122,"telo-wr7"
"683","cortex_initials",6.75199133227252,"telo-wr7"
"684","columella_root_cap",7.40021471507914,"telo-wr7"
"685","endodermis",10.0660750192303,"telo-wr7"
"686","lateral_root_cap",6.7592487999635,"telo-wr7"
"687","stele",6.41553312549737,"telo-wr7"
"688","quiescent_center",7.0716560706486,"telo-wr7"
"689","epidermis",8.68799227827219,"telo-wr7"
"690","cortex",8.60403827232415,"telo-wr7"
"691","pericycle",7.94672123477501,"telo-wr7"
"692","cortex_initials",7.19638553263919,"telo-wr7"
"693","columella_root_cap",6.39318803572463,"telo-wr7"
"694","endodermis",7.43174237373892,"telo-wr7"
"695","lateral_root_cap",8.02795609893195,"telo-wr7"
"696","stele",7.8849593695066,"telo-wr7"
"697","quiescent_center",7.79786825550663,"telo-wr7"
"698","epidermis",8.62078132803567,"telo-wr7"
"699","cortex",6.9807551231269,"telo-wr7"
"700","pericycle",5.59646084050058,"telo-wr7"
"701","cortex_initials",7.70875577431082,"telo-wr7"
"702","columella_root_cap",6.71377159596884,"telo-wr7"
"703","endodermis",7.29140174419299,"telo-wr7"
"704","lateral_root_cap",10.1624819428664,"telo-wr7"
"705","stele",7.80518673204116,"telo-wr7"
"706","quiescent_center",4.82444874619188,"telo-wr7"
"707","epidermis",7.31090540509382,"telo-wr7"
"708","cortex",7.02914113314625,"telo-wr7"
"709","pericycle",7.16397109442701,"telo-wr7"
"710","cortex_initials",8.71321153587812,"telo-wr7"
"711","columella_root_cap",6.76526533634287,"telo-wr7"
"712","endodermis",7.71767585998635,"telo-wr7"
"713","lateral_root_cap",9.45050976495368,"telo-wr7"
"714","stele",8.59871182192241,"telo-wr7"
"715","quiescent_center",8.1787936193948,"telo-wr7"
"716","epidermis",7.00770670901151,"telo-wr7"
"717","cortex",7.34986483013705,"telo-wr7"
"718","pericycle",7.28129813331337,"telo-wr7"
"719","cortex_initials",5.6520810226242,"telo-wr7"
"720","columella_root_cap",8.11102409199548,"telo-wr7"
"721","endodermis",-0.392135305816049,"l12-899"
"722","lateral_root_cap",1.95617907364848,"l12-899"
"723","stele",2.68912337290389,"l12-899"
"724","quiescent_center",3.30171735166794,"l12-899"
"725","epidermis",-0.105314704639057,"l12-899"
"726","cortex",2.44654966297477,"l12-899"
"727","pericycle",1.50239183882753,"l12-899"
"728","cortex_initials",3.38601715464123,"l12-899"
"729","columella_root_cap",2.46256144069767,"l12-899"
"730","endodermis",3.87215367234216,"l12-899"
"731","lateral_root_cap",1.94616861488223,"l12-899"
"732","stele",3.45983367652315,"l12-899"
"733","quiescent_center",2.18250669551877,"l12-899"
"734","epidermis",2.9389829725816,"l12-899"
"735","cortex",2.38023068487753,"l12-899"
"736","pericycle",0.909489932308253,"l12-899"
"737","cortex_initials",1.27052344728804,"l12-899"
"738","columella_root_cap",1.51029541219966,"l12-899"
"739","endodermis",2.26004937932844,"l12-899"
"740","lateral_root_cap",1.19968626389361,"l12-899"
"741","stele",2.49833826967313,"l12-899"
"742","quiescent_center",4.6382207495886,"l12-899"
"743","epidermis",0.893360073729297,"l12-899"
"744","cortex",1.92104684777084,"l12-899"
"745","pericycle",2.03449120115046,"l12-899"
"746","cortex_initials",1.89760594843082,"l12-899"
"747","columella_root_cap",3.99957889605469,"l12-899"
"748","endodermis",1.62643569872888,"l12-899"
"749","lateral_root_cap",4.40217250492142,"l12-899"
"750","stele",1.212415053645,"l12-899"
"751","quiescent_center",1.11642507403443,"l12-899"
"752","epidermis",2.12353408712809,"l12-899"
"753","cortex",0.634790634981166,"l12-899"
"754","pericycle",3.44772385355311,"l12-899"
"755","cortex_initials",2.9514982211367,"l12-899"
"756","columella_root_cap",2.48062678797732,"l12-899"
"757","endodermis",0.68664568459694,"l12-899"
"758","lateral_root_cap",2.01713866839066,"l12-899"
"759","stele",1.58002606591267,"l12-899"
"760","quiescent_center",2.90462574988187,"l12-899"
"761","epidermis",1.69811296953851,"l12-899"
"762","cortex",3.44575102612344,"l12-899"
"763","pericycle",3.24889885815885,"l12-899"
"764","cortex_initials",2.23634991059023,"l12-899"
"765","columella_root_cap",1.68539820231018,"l12-899"
"766","endodermis",0.950197855857315,"l12-899"
"767","lateral_root_cap",-0.0866621926339852,"l12-899"
"768","stele",1.86841755883515,"l12-899"
"769","quiescent_center",2.87136194420594,"l12-899"
"770","epidermis",2.11228842754445,"l12-899"
"771","cortex",2.42170953485955,"l12-899"
"772","pericycle",1.30353034489454,"l12-899"
"773","cortex_initials",0.8581508127299,"l12-899"
"774","columella_root_cap",2.40094900601199,"l12-899"
"775","endodermis",1.78566747176135,"l12-899"
"776","lateral_root_cap",1.21960623213808,"l12-899"
"777","stele",2.70033029026853,"l12-899"
"778","quiescent_center",2.09186315137825,"l12-899"
"779","epidermis",0.65988729499371,"l12-899"
"780","cortex",1.30411077748099,"l12-899"
"781","pericycle",2.32354812131569,"l12-899"
"782","cortex_initials",4.13093629815849,"l12-899"
"783","columella_root_cap",1.08449149296742,"l12-899"
"784","endodermis",1.45671066394437,"l12-899"
"785","lateral_root_cap",2.83586720030333,"l12-899"
"786","stele",2.02084745762477,"l12-899"
"787","quiescent_center",3.27025302643002,"l12-899"
"788","epidermis",3.16004594742702,"l12-899"
"789","cortex",1.98962519756522,"l12-899"
"790","pericycle",1.41624484803664,"l12-899"
"791","cortex_initials",1.29960237614645,"l12-899"
"792","columella_root_cap",1.6779025231023,"l12-899"
"793","endodermis",0.758533465505291,"l12-899"
"794","lateral_root_cap",2.00836659712579,"l12-899"
"795","stele",3.27803421147781,"l12-899"
"796","quiescent_center",3.69053897280766,"l12-899"
"797","epidermis",0.322598493715319,"l12-899"
"798","cortex",1.69617095222743,"l12-899"
"799","pericycle",1.93975183841239,"l12-899"
"800","cortex_initials",1.93390921199189,"l12-899"
"801","columella_root_cap",2.61455885099638,"l12-899"
"802","endodermis",3.01804113271993,"l12-899"
"803","lateral_root_cap",1.19576058637611,"l12-899"
"804","stele",1.87617783544403,"l12-899"
"805","quiescent_center",0.927980402906941,"l12-899"
"806","epidermis",2.42638817151081,"l12-899"
"807","cortex",1.25743769316095,"l12-899"
"808","pericycle",0.36058921728635,"l12-899"
"809","cortex_initials",3.24813080046184,"l12-899"
"810","columella_root_cap",1.9179677722636,"l12-899"
"811","endodermis",2.23653346720334,"l12-899"
"812","lateral_root_cap",2.87076769532307,"l12-899"
"813","stele",1.42978017381763,"l12-899"
"814","quiescent_center",2.91401162719113,"l12-899"
"815","epidermis",2.46093116406866,"l12-899"
"816","cortex",1.87456261800667,"l12-899"
"817","pericycle",2.36535122830774,"l12-899"
"818","cortex_initials",1.68790913111493,"l12-899"
"819","columella_root_cap",2.02469099657225,"l12-899"
"820","endodermis",0.819653278981801,"l12-899"
"821","lateral_root_cap",2.12422221170387,"l12-899"
"822","stele",3.02355080455507,"l12-899"
"823","quiescent_center",1.47719760081165,"l12-899"
"824","epidermis",1.66382427679668,"l12-899"
"825","cortex",1.60176702818194,"l12-899"
"826","pericycle",1.43568384847076,"l12-899"
"827","cortex_initials",3.90067701439305,"l12-899"
"828","columella_root_cap",1.10950500023017,"l12-899"
"829","endodermis",2.59717356578128,"l12-899"
"830","lateral_root_cap",2.8426513156028,"l12-899"
"831","stele",1.39530460833809,"l12-899"
"832","quiescent_center",0.618997142593607,"l12-899"
"833","epidermis",2.7810814709971,"l12-899"
"834","cortex",1.38249181248737,"l12-899"
"835","pericycle",1.7272536821849,"l12-899"
"836","cortex_initials",3.4139312542834,"l12-899"
"837","columella_root_cap",1.88814084892384,"l12-899"
"838","endodermis",1.82215675107713,"l12-899"
"839","lateral_root_cap",1.14844041775071,"l12-899"
"840","stele",3.00475677732673,"l12-899"
"841","quiescent_center",3.2108073955804,"l12-899"
"842","epidermis",0.848249066705092,"l12-899"
"843","cortex",2.53287258097911,"l12-899"
"844","pericycle",0.861282804271867,"l12-899"
"845","cortex_initials",2.49703091363978,"l12-899"
"846","columella_root_cap",2.48670735081018,"l12-899"
"847","endodermis",0.449577825761931,"l12-899"
"848","lateral_root_cap",2.24165867914196,"l12-899"
"849","stele",1.99031093430773,"l12-899"
"850","quiescent_center",2.20587937388355,"l12-899"
"851","epidermis",0.852885835773861,"l12-899"
"852","cortex",1.59018344170792,"l12-899"
"853","pericycle",0.440030518991665,"l12-899"
"854","cortex_initials",1.35919447110031,"l12-899"
"855","columella_root_cap",1.72845692997402,"l12-899"
"856","endodermis",1.18434747257581,"l12-899"
"857","lateral_root_cap",1.60550177838105,"l12-899"
"858","stele",0.924717937046448,"l12-899"
"859","quiescent_center",0.216339588739548,"l12-899"
"860","epidermis",3.61461488327162,"l12-899"
"861","cortex",0.872523015715392,"l12-899"
"862","pericycle",3.13083723007488,"l12-899"
"863","cortex_initials",1.42189676613211,"l12-899"
"864","columella_root_cap",2.48286600714712,"l12-899"
"865","endodermis",1.50262768827121,"l12-899"
"866","lateral_root_cap",0.382713582326355,"l12-899"
"867","stele",2.53862019915089,"l12-899"
"868","quiescent_center",2.62683856442545,"l12-899"
"869","epidermis",2.6848607402406,"l12-899"
"870","cortex",1.29404914575421,"l12-899"
"871","pericycle",3.75106517435574,"l12-899"
"872","cortex_initials",0.72765639750128,"l12-899"
"873","columella_root_cap",3.30554168046821,"l12-899"
"874","endodermis",2.46971642669098,"l12-899"
"875","lateral_root_cap",1.67600854023831,"l12-899"
"876","stele",2.21483442252022,"l12-899"
"877","quiescent_center",2.05608214731916,"l12-899"
"878","epidermis",3.32937074950725,"l12-899"
"879","cortex",0.857818948197546,"l12-899"
"880","pericycle",2.62280151266462,"l12-899"
"881","cortex_initials",2.88762799843009,"l12-899"
"882","columella_root_cap",1.92998306488019,"l12-899"
"883","endodermis",0.925851506279469,"l12-899"
"884","lateral_root_cap",1.88527584801304,"l12-899"
"885","stele",2.3866924158586,"l12-899"
"886","quiescent_center",2.39937451479005,"l12-899"
"887","epidermis",2.22252496669854,"l12-899"
"888","cortex",0.474615259175313,"l12-899"
"889","pericycle",1.86842250515921,"l12-899"
"890","cortex_initials",2.93223822087399,"l12-899"
"891","columella_root_cap",4.55826666707656,"l12-899"
"892","endodermis",0.724936925701568,"l12-899"
"893","lateral_root_cap",2.42367450152765,"l12-899"
"894","stele",2.89604581131086,"l12-899"
"895","quiescent_center",2.00717116108002,"l12-899"
"896","epidermis",1.71531745673878,"l12-899"
"897","cortex",1.13157104358022,"l12-899"
"898","pericycle",1.49908040173853,"l12-899"
"899","cortex_initials",2.03655985171909,"l12-899"
"900","columella_root_cap",1.58333024557805,"l12-899"
